Time[s], Channel 0, Channel 1, Channel 2, Channel 3, Channel 4, Channel 5, Channel 6, Channel 7
0.0158259, 0, 0, 0, 1, 1, 0, 1, 1
0.0158561, 0, 0, 1, 1, 1, 0, 1, 1
0.0158565, 0, 0, 1, 1, 1, 1, 1, 1
0.0158868, 0, 0, 0, 1, 1, 1, 1, 1
0.0158869, 0, 0, 0, 1, 1, 0, 1, 1
0.0159165, 0, 0, 1, 1, 1, 0, 1, 1
0.0159175, 0, 0, 1, 1, 1, 1, 1, 1
0.0159472, 0, 0, 0, 1, 1, 1, 1, 1
0.0159480, 0, 0, 0, 1, 1, 0, 1, 1
0.0159776, 0, 0, 1, 1, 1, 0, 1, 1
0.0159786, 0, 0, 1, 1, 1, 1, 1, 1
0.0160080, 0, 0, 0, 1, 1, 1, 1, 1
0.0160090, 0, 0, 0, 1, 1, 0, 1, 1
0.0160385, 0, 0, 1, 1, 1, 0, 1, 1
0.0160396, 0, 0, 1, 1, 1, 1, 1, 1
0.0160690, 0, 0, 0, 1, 1, 1, 1, 1
0.0160700, 0, 0, 0, 1, 1, 0, 1, 1
0.0160997, 0, 0, 1, 1, 1, 0, 1, 1
0.0161007, 0, 0, 1, 1, 1, 1, 1, 1
0.0161300, 0, 0, 0, 1, 1, 1, 1, 1
0.0161311, 0, 0, 0, 1, 1, 0, 1, 1
0.0161605, 0, 0, 1, 1, 1, 0, 1, 1
0.0161617, 0, 0, 1, 1, 1, 1, 1, 1
0.0161910, 0, 0, 0, 1, 1, 1, 1, 1
0.0161921, 0, 0, 0, 1, 1, 0, 1, 1
0.0162217, 0, 0, 1, 1, 1, 0, 1, 1
0.0162227, 0, 0, 1, 1, 1, 1, 1, 1
0.0162379, 0, 0, 1, 1, 1, 1, 0, 1
0.0162524, 0, 0, 0, 1, 1, 1, 0, 1
0.0162532, 0, 0, 0, 1, 1, 0, 1, 1
0.0162684, 0, 0, 0, 1, 1, 0, 0, 1
0.0162837, 0, 0, 0, 1, 1, 1, 1, 1
0.0162857, 0, 0, 1, 1, 1, 1, 1, 1
0.0162990, 0, 0, 1, 1, 1, 1, 0, 1
0.0163131, 0, 0, 0, 1, 1, 1, 0, 1
0.0163142, 0, 0, 0, 1, 1, 0, 0, 1
0.0163143, 0, 0, 0, 1, 1, 0, 1, 1
0.0163218, 0, 0, 0, 1, 1, 0, 1, 0
0.0163295, 0, 0, 0, 1, 1, 0, 0, 0
0.0163436, 0, 0, 1, 1, 1, 0, 0, 0
0.0163447, 0, 0, 1, 1, 1, 0, 1, 0
0.0163448, 0, 0, 1, 1, 1, 1, 1, 0
0.0163600, 0, 0, 1, 1, 1, 1, 0, 0
0.0163741, 0, 0, 0, 1, 1, 1, 0, 0
0.0163752, 0, 0, 0, 1, 1, 0, 0, 0
0.0163753, 0, 0, 0, 1, 1, 0, 1, 0
0.0163905, 0, 0, 0, 1, 1, 0, 0, 0
0.0164047, 0, 0, 1, 1, 1, 0, 0, 0
0.0164058, 0, 0, 1, 1, 1, 1, 1, 0
0.0164210, 0, 0, 1, 1, 1, 1, 0, 0
0.0164354, 0, 0, 0, 1, 1, 1, 0, 0
0.0164363, 0, 0, 0, 1, 1, 0, 1, 0
0.0164516, 0, 0, 0, 1, 1, 0, 0, 0
0.0164661, 0, 0, 1, 1, 1, 0, 0, 0
0.0164668, 0, 0, 1, 1, 1, 0, 1, 0
0.0164669, 0, 0, 1, 1, 1, 1, 1, 0
0.0164821, 0, 0, 1, 1, 1, 1, 0, 0
0.0164968, 0, 0, 0, 1, 1, 1, 0, 0
0.0164973, 0, 0, 0, 1, 1, 0, 0, 0
0.0164974, 0, 0, 0, 1, 1, 0, 1, 0
0.0165126, 0, 0, 0, 1, 1, 0, 0, 0
0.0165274, 0, 0, 1, 1, 1, 0, 0, 0
0.0165279, 0, 0, 1, 1, 1, 1, 1, 0
0.0165431, 0, 0, 1, 1, 1, 1, 0, 0
0.0165508, 0, 0, 1, 1, 1, 1, 0, 1
0.0165571, 0, 0, 0, 1, 1, 1, 0, 1
0.0165584, 0, 0, 0, 1, 1, 0, 1, 1
0.0165736, 0, 0, 0, 1, 1, 0, 0, 1
0.0165878, 0, 0, 1, 1, 1, 0, 0, 1
0.0165889, 0, 0, 1, 1, 1, 1, 1, 1
0.0166041, 0, 0, 1, 1, 1, 1, 0, 1
0.0166181, 0, 0, 0, 1, 1, 1, 0, 1
0.0166194, 0, 0, 0, 1, 1, 0, 0, 1
0.0166195, 0, 0, 0, 1, 1, 0, 1, 1
0.0166347, 0, 0, 0, 1, 1, 0, 0, 1
0.0166423, 0, 0, 0, 1, 1, 0, 0, 0
0.0166486, 0, 0, 1, 1, 1, 0, 0, 0
0.0166499, 0, 0, 1, 1, 1, 0, 1, 0
0.0166500, 0, 0, 1, 1, 1, 1, 1, 0
0.0166652, 0, 0, 1, 1, 1, 1, 0, 0
0.0166729, 0, 0, 1, 1, 1, 1, 0, 1
0.0166791, 0, 0, 0, 1, 1, 1, 0, 1
0.0166804, 0, 0, 0, 1, 1, 0, 0, 1
0.0166805, 0, 0, 0, 1, 1, 0, 1, 1
0.0166957, 0, 0, 0, 1, 1, 0, 0, 1
0.0167097, 0, 0, 1, 1, 1, 0, 0, 1
0.0167110, 0, 0, 1, 1, 1, 1, 1, 1
0.0167262, 0, 0, 1, 1, 1, 1, 0, 1
0.0167339, 0, 0, 1, 1, 1, 1, 0, 0
0.0167403, 0, 0, 0, 1, 1, 1, 0, 0
0.0167415, 0, 0, 0, 1, 1, 0, 1, 0
0.0167567, 0, 0, 0, 1, 1, 0, 0, 0
0.0167644, 0, 0, 0, 1, 1, 0, 0, 1
0.0167706, 0, 0, 1, 1, 1, 0, 0, 1
0.0167720, 0, 0, 1, 1, 1, 0, 1, 1
0.0167721, 0, 0, 1, 1, 1, 1, 1, 1
0.0167873, 0, 0, 1, 1, 1, 1, 0, 1
0.0168011, 0, 0, 0, 1, 1, 1, 0, 1
0.0168025, 0, 0, 0, 1, 1, 0, 0, 1
0.0168026, 0, 0, 0, 1, 1, 0, 1, 1
0.0168178, 0, 0, 0, 1, 1, 0, 0, 1
0.0168254, 0, 0, 0, 1, 1, 0, 0, 0
0.0168316, 0, 0, 1, 1, 1, 0, 0, 0
0.0168330, 0, 0, 1, 1, 1, 0, 1, 0
0.0168331, 0, 0, 1, 1, 1, 1, 1, 0
0.0168483, 0, 0, 1, 1, 1, 1, 0, 0
0.0168621, 0, 0, 0, 1, 1, 1, 0, 0
0.0168636, 0, 0, 0, 1, 1, 0, 1, 0
0.0168788, 0, 0, 0, 1, 1, 0, 0, 0
0.0168926, 0, 0, 1, 1, 1, 0, 0, 0
0.0168941, 0, 0, 1, 1, 1, 1, 1, 0
0.0169093, 0, 0, 1, 1, 1, 1, 0, 0
0.0169231, 0, 0, 0, 1, 1, 1, 0, 0
0.0169246, 0, 0, 0, 1, 1, 0, 0, 0
0.0169247, 0, 0, 0, 1, 1, 0, 1, 0
0.0169399, 0, 0, 0, 1, 1, 0, 0, 0
0.0169536, 0, 0, 1, 1, 1, 0, 0, 0
0.0169551, 0, 0, 1, 1, 1, 0, 1, 0
0.0169552, 0, 0, 1, 1, 1, 1, 1, 0
0.0169704, 0, 0, 1, 1, 1, 1, 0, 0
0.0169841, 0, 0, 0, 1, 1, 1, 0, 0
0.0169856, 0, 0, 0, 1, 1, 0, 0, 0
0.0169857, 0, 0, 0, 1, 1, 0, 1, 0
0.0170009, 0, 0, 0, 1, 1, 0, 0, 0
0.0170148, 0, 0, 1, 1, 1, 0, 0, 0
0.0170162, 0, 0, 1, 1, 1, 1, 1, 0
0.0170314, 0, 0, 1, 1, 1, 1, 0, 0
0.0170455, 0, 0, 0, 1, 1, 1, 0, 0
0.0170467, 0, 0, 0, 1, 1, 0, 1, 0
0.0170619, 0, 0, 0, 1, 1, 0, 0, 0
0.0170762, 0, 0, 1, 1, 1, 0, 0, 0
0.0170772, 0, 0, 1, 1, 1, 0, 1, 0
0.0170773, 0, 0, 1, 1, 1, 1, 1, 0
0.0170925, 0, 0, 1, 1, 1, 1, 0, 0
0.0171069, 0, 0, 0, 1, 1, 1, 0, 0
0.0171077, 0, 0, 0, 1, 1, 0, 0, 0
0.0171078, 0, 0, 0, 1, 1, 0, 1, 0
0.0171230, 0, 0, 0, 1, 1, 0, 0, 0
0.0171366, 0, 0, 1, 1, 1, 0, 0, 0
0.0171382, 0, 0, 1, 1, 1, 0, 1, 0
0.0171383, 0, 0, 1, 1, 1, 1, 1, 0
0.0171535, 0, 0, 1, 1, 1, 1, 0, 0
0.0171673, 0, 0, 0, 1, 1, 1, 0, 0
0.0171688, 0, 0, 0, 1, 1, 0, 1, 0
0.0171840, 0, 0, 0, 1, 1, 0, 0, 0
0.0171976, 0, 0, 1, 1, 1, 0, 0, 0
0.0171993, 0, 0, 1, 1, 1, 1, 1, 0
0.0172145, 0, 0, 1, 1, 1, 1, 0, 0
0.0172281, 0, 0, 0, 1, 1, 1, 0, 0
0.0172298, 0, 0, 0, 1, 1, 0, 0, 0
0.0172299, 0, 0, 0, 1, 1, 0, 1, 0
0.0172451, 0, 0, 0, 1, 1, 0, 0, 0
0.0172587, 0, 0, 1, 1, 1, 0, 0, 0
0.0172603, 0, 0, 1, 1, 1, 0, 1, 0
0.0172604, 0, 0, 1, 1, 1, 1, 1, 0
0.0172756, 0, 0, 1, 1, 1, 1, 0, 0
0.0172892, 0, 0, 0, 1, 1, 1, 0, 0
0.0172908, 0, 0, 0, 1, 1, 0, 0, 0
0.0172909, 0, 0, 0, 1, 1, 0, 1, 0
0.0173061, 0, 0, 0, 1, 1, 0, 0, 0
0.0173199, 0, 0, 1, 1, 1, 0, 0, 0
0.0173214, 0, 0, 1, 1, 1, 1, 1, 0
0.0173366, 0, 0, 1, 1, 1, 1, 0, 0
0.0173502, 0, 0, 0, 1, 1, 1, 0, 0
0.0173519, 0, 0, 0, 1, 1, 0, 1, 0
0.0173671, 0, 0, 0, 1, 1, 0, 0, 0
0.0173807, 0, 0, 1, 1, 1, 0, 0, 0
0.0173824, 0, 0, 1, 1, 1, 0, 1, 0
0.0173825, 0, 0, 1, 1, 1, 1, 1, 0
0.0173977, 0, 0, 1, 1, 1, 1, 0, 0
0.0174112, 0, 0, 0, 1, 1, 1, 0, 0
0.0174129, 0, 0, 0, 1, 1, 0, 0, 0
0.0174130, 0, 0, 0, 1, 1, 0, 1, 0
0.0174282, 0, 0, 0, 1, 1, 0, 0, 0
0.0174417, 0, 0, 1, 1, 1, 0, 0, 0
0.0174434, 0, 0, 1, 1, 1, 0, 1, 0
0.0174435, 0, 0, 1, 1, 1, 1, 1, 0
0.0174587, 0, 0, 1, 1, 1, 1, 0, 0
0.0174722, 0, 0, 0, 1, 1, 1, 0, 0
0.0174739, 0, 0, 0, 1, 1, 0, 0, 0
0.0174740, 0, 0, 0, 1, 1, 0, 1, 0
0.0174892, 0, 0, 0, 1, 1, 0, 0, 0
0.0175027, 0, 0, 1, 1, 1, 0, 0, 0
0.0175045, 0, 0, 1, 1, 1, 1, 1, 0
0.0175197, 0, 0, 1, 1, 1, 1, 0, 0
0.0175274, 0, 0, 1, 1, 1, 1, 0, 1
0.0175332, 0, 0, 0, 1, 1, 1, 0, 1
0.0175350, 0, 0, 0, 1, 1, 0, 1, 1
0.0175503, 0, 0, 0, 1, 1, 0, 0, 1
0.0175637, 0, 0, 1, 1, 1, 0, 0, 1
0.0175655, 0, 0, 1, 1, 1, 0, 1, 1
0.0175656, 0, 0, 1, 1, 1, 1, 1, 1
0.0175808, 0, 0, 1, 1, 1, 1, 0, 1
0.0175944, 0, 0, 0, 1, 1, 1, 0, 1
0.0175960, 0, 0, 0, 1, 1, 0, 0, 1
0.0175961, 0, 0, 0, 1, 1, 0, 1, 1
0.0176113, 0, 0, 0, 1, 1, 0, 0, 1
0.0176251, 0, 0, 1, 1, 1, 0, 0, 1
0.0176266, 0, 0, 1, 1, 1, 1, 1, 1
0.0176418, 0, 0, 1, 1, 1, 1, 0, 1
0.0176558, 0, 0, 0, 1, 1, 1, 0, 1
0.0176571, 0, 0, 0, 1, 1, 0, 1, 1
0.0176723, 0, 0, 0, 1, 1, 0, 0, 1
0.0176800, 0, 0, 0, 1, 1, 0, 0, 0
0.0176864, 0, 0, 1, 1, 1, 0, 0, 0
0.0176876, 0, 0, 1, 1, 1, 0, 1, 0
0.0176877, 0, 0, 1, 1, 1, 1, 1, 0
0.0177029, 0, 0, 1, 1, 1, 1, 0, 0
0.0177105, 0, 0, 1, 1, 1, 1, 0, 1
0.0177162, 0, 0, 0, 1, 1, 1, 0, 1
0.0177181, 0, 0, 0, 1, 1, 0, 0, 1
0.0177182, 0, 0, 0, 1, 1, 0, 1, 1
0.0177334, 0, 0, 0, 1, 1, 0, 0, 1
0.0177468, 0, 0, 1, 1, 1, 0, 0, 1
0.0177486, 0, 0, 1, 1, 1, 0, 1, 1
0.0177487, 0, 0, 1, 1, 1, 1, 1, 1
0.0177639, 0, 0, 1, 1, 1, 1, 0, 1
0.0177715, 0, 0, 1, 1, 1, 1, 0, 0
0.0177772, 0, 0, 0, 1, 1, 1, 0, 0
0.0177791, 0, 0, 0, 1, 1, 0, 0, 0
0.0177792, 0, 0, 0, 1, 1, 0, 1, 0
0.0177944, 0, 0, 0, 1, 1, 0, 0, 0
0.0178021, 0, 0, 0, 1, 1, 0, 0, 1
0.0178077, 0, 0, 1, 1, 1, 0, 0, 1
0.0178097, 0, 0, 1, 1, 1, 1, 1, 1
0.0178249, 0, 0, 1, 1, 1, 1, 0, 1
0.0178326, 0, 0, 1, 1, 1, 1, 0, 0
0.0178382, 0, 0, 0, 1, 1, 1, 0, 0
0.0178402, 0, 0, 0, 1, 1, 0, 1, 0
0.0178555, 0, 0, 0, 1, 1, 0, 0, 0
0.0178687, 0, 0, 1, 1, 1, 0, 0, 0
0.0178707, 0, 0, 1, 1, 1, 0, 1, 0
0.0178708, 0, 0, 1, 1, 1, 1, 1, 0
0.0178860, 0, 0, 1, 1, 1, 1, 0, 0
0.0178936, 0, 0, 1, 1, 1, 1, 0, 1
0.0178993, 0, 0, 0, 1, 1, 1, 0, 1
0.0179012, 0, 0, 0, 1, 1, 0, 0, 1
0.0179013, 0, 0, 0, 1, 1, 0, 1, 1
0.0179165, 0, 0, 0, 1, 1, 0, 0, 1
0.0179241, 0, 0, 0, 1, 1, 0, 0, 0
0.0179297, 0, 0, 1, 1, 1, 0, 0, 0
0.0179318, 0, 0, 1, 1, 1, 1, 1, 0
0.0179470, 0, 0, 1, 1, 1, 1, 0, 0
0.0179602, 0, 0, 0, 1, 1, 1, 0, 0
0.0179623, 0, 0, 0, 1, 1, 0, 1, 0
0.0179775, 0, 0, 0, 1, 1, 0, 0, 0
0.0179907, 0, 0, 1, 1, 1, 0, 0, 0
0.0179928, 0, 0, 1, 1, 1, 1, 1, 0
0.0180081, 0, 0, 1, 1, 1, 1, 0, 0
0.0180212, 0, 0, 0, 1, 1, 1, 0, 0
0.0180233, 0, 0, 0, 1, 1, 0, 0, 0
0.0180234, 0, 0, 0, 1, 1, 0, 1, 0
0.0180386, 0, 0, 0, 1, 1, 0, 0, 0
0.0180517, 0, 0, 1, 1, 1, 0, 0, 0
0.0180538, 0, 0, 1, 1, 1, 0, 1, 0
0.0180539, 0, 0, 1, 1, 1, 1, 1, 0
0.0180691, 0, 0, 1, 1, 1, 1, 0, 0
0.0180822, 0, 0, 0, 1, 1, 1, 0, 0
0.0180843, 0, 0, 0, 1, 1, 0, 0, 0
0.0180844, 0, 0, 0, 1, 1, 0, 1, 0
0.0180996, 0, 0, 0, 1, 1, 0, 0, 0
0.0181127, 0, 0, 1, 1, 1, 0, 0, 0
0.0181149, 0, 0, 1, 1, 1, 1, 1, 0
0.0181301, 0, 0, 1, 1, 1, 1, 0, 0
0.0181441, 0, 0, 0, 1, 1, 1, 0, 0
0.0181454, 0, 0, 0, 1, 1, 0, 1, 0
0.0181607, 0, 0, 0, 1, 1, 0, 0, 0
0.0181738, 0, 0, 1, 1, 1, 0, 0, 0
0.0181759, 0, 0, 1, 1, 1, 0, 1, 0
0.0181760, 0, 0, 1, 1, 1, 1, 1, 0
0.0181912, 0, 0, 1, 1, 1, 1, 0, 0
0.0182045, 0, 0, 0, 1, 1, 1, 0, 0
0.0182064, 0, 0, 0, 1, 1, 0, 0, 0
0.0182065, 0, 0, 0, 1, 1, 0, 1, 0
0.0182217, 0, 0, 0, 1, 1, 0, 0, 0
0.0182348, 0, 0, 1, 1, 1, 0, 0, 0
0.0182370, 0, 0, 1, 1, 1, 1, 1, 0
0.0182522, 0, 0, 1, 1, 1, 1, 0, 0
0.0182653, 0, 0, 0, 1, 1, 1, 0, 0
0.0182675, 0, 0, 0, 1, 1, 0, 1, 0
0.0182827, 0, 0, 0, 1, 1, 0, 0, 0
0.0182904, 0, 0, 0, 1, 1, 0, 0, 1
0.0182958, 0, 0, 1, 1, 1, 0, 0, 1
0.0182980, 0, 0, 1, 1, 1, 1, 1, 1
0.0183133, 0, 0, 1, 1, 1, 1, 0, 1
0.0183209, 0, 0, 1, 1, 1, 1, 0, 0
0.0183263, 0, 0, 0, 1, 1, 1, 0, 0
0.0183285, 0, 0, 0, 1, 1, 0, 0, 0
0.0183286, 0, 0, 0, 1, 1, 0, 1, 0
0.0183438, 0, 0, 0, 1, 1, 0, 0, 0
0.0183568, 0, 0, 1, 1, 1, 0, 0, 0
0.0183590, 0, 0, 1, 1, 1, 0, 1, 0
0.0183591, 0, 0, 1, 1, 1, 1, 1, 0
0.0183743, 0, 0, 1, 1, 1, 1, 0, 0
0.0183875, 0, 0, 0, 1, 1, 1, 0, 0
0.0183895, 0, 0, 0, 1, 1, 0, 0, 0
0.0183896, 0, 0, 0, 1, 1, 0, 1, 0
0.0184048, 0, 0, 0, 1, 1, 0, 0, 0
0.0184178, 0, 0, 1, 1, 1, 0, 0, 0
0.0184201, 0, 0, 1, 1, 1, 1, 1, 0
0.0184353, 0, 0, 1, 1, 1, 1, 0, 0
0.0184483, 0, 0, 0, 1, 1, 1, 0, 0
0.0184506, 0, 0, 0, 1, 1, 0, 1, 0
0.0184659, 0, 0, 0, 1, 1, 0, 0, 0
0.0184788, 0, 0, 1, 1, 1, 0, 0, 0
0.0184811, 0, 0, 1, 1, 1, 0, 1, 0
0.0184812, 0, 0, 1, 1, 1, 1, 1, 0
0.0184964, 0, 0, 1, 1, 1, 1, 0, 0
0.0185093, 0, 0, 0, 1, 1, 1, 0, 0
0.0185116, 0, 0, 0, 1, 1, 0, 0, 0
0.0185117, 0, 0, 0, 1, 1, 0, 1, 0
0.0185269, 0, 0, 0, 1, 1, 0, 0, 0
0.0185400, 0, 0, 1, 1, 1, 0, 0, 0
0.0185422, 0, 0, 1, 1, 1, 1, 1, 0
0.0185574, 0, 0, 1, 1, 1, 1, 0, 0
0.0185703, 0, 0, 0, 1, 1, 1, 0, 0
0.0185727, 0, 0, 0, 1, 1, 0, 1, 0
0.0185879, 0, 0, 0, 1, 1, 0, 0, 0
0.0185956, 0, 0, 0, 1, 1, 0, 0, 1
0.0186008, 0, 0, 1, 1, 1, 0, 0, 1
0.0186032, 0, 0, 1, 1, 1, 1, 1, 1
0.0186184, 0, 0, 1, 1, 1, 1, 0, 1
0.0186314, 0, 0, 0, 1, 1, 1, 0, 1
0.0186337, 0, 0, 0, 1, 1, 0, 0, 1
0.0186338, 0, 0, 0, 1, 1, 0, 1, 1
0.0186490, 0, 0, 0, 1, 1, 0, 0, 1
0.0186566, 0, 0, 0, 1, 1, 0, 0, 0
0.0186618, 0, 0, 1, 1, 1, 0, 0, 0
0.0186642, 0, 0, 1, 1, 1, 0, 1, 0
0.0186643, 0, 0, 1, 1, 1, 1, 1, 0
0.0186795, 0, 0, 1, 1, 1, 1, 0, 0
0.0186872, 0, 0, 1, 1, 1, 1, 0, 1
0.0186923, 0, 0, 0, 1, 1, 1, 0, 1
0.0186947, 0, 0, 0, 1, 1, 0, 0, 1
0.0186948, 0, 0, 0, 1, 1, 0, 1, 1
0.0187100, 0, 0, 0, 1, 1, 0, 0, 1
0.0187228, 0, 0, 1, 1, 1, 0, 0, 1
0.0187253, 0, 0, 1, 1, 1, 1, 1, 1
0.0187405, 0, 0, 1, 1, 1, 1, 0, 1
0.0187533, 0, 0, 0, 1, 1, 1, 0, 1
0.0187558, 0, 0, 0, 1, 1, 0, 1, 1
0.0187710, 0, 0, 0, 1, 1, 0, 0, 1
0.0187787, 0, 0, 0, 1, 1, 0, 0, 0
0.0187838, 0, 0, 1, 1, 1, 0, 0, 0
0.0187863, 0, 0, 1, 1, 1, 0, 1, 0
0.0187864, 0, 0, 1, 1, 1, 1, 1, 0
0.0188016, 0, 0, 1, 1, 1, 1, 0, 0
0.0188144, 0, 0, 0, 1, 1, 1, 0, 0
0.0188168, 0, 0, 0, 1, 1, 0, 0, 0
0.0188169, 0, 0, 0, 1, 1, 0, 1, 0
0.0188321, 0, 0, 0, 1, 1, 0, 0, 0
0.0188451, 0, 0, 1, 1, 1, 0, 0, 0
0.0188473, 0, 0, 1, 1, 1, 0, 1, 0
0.0188474, 0, 0, 1, 1, 1, 1, 1, 0
0.0188626, 0, 0, 1, 1, 1, 1, 0, 0
0.0188703, 0, 0, 1, 1, 1, 1, 0, 1
0.0188758, 0, 0, 0, 1, 1, 1, 0, 1
0.0188779, 0, 0, 0, 1, 1, 0, 1, 1
0.0188931, 0, 0, 0, 1, 1, 0, 0, 1
0.0189065, 0, 0, 1, 1, 1, 0, 0, 1
0.0189084, 0, 0, 1, 1, 1, 1, 1, 1
0.0189236, 0, 0, 1, 1, 1, 1, 0, 1
0.0189313, 0, 0, 1, 1, 1, 1, 0, 0
0.0189372, 0, 0, 0, 1, 1, 1, 0, 0
0.0189389, 0, 0, 0, 1, 1, 0, 0, 0
0.0189390, 0, 0, 0, 1, 1, 0, 1, 0
0.0189542, 0, 0, 0, 1, 1, 0, 0, 0
0.0189618, 0, 0, 0, 1, 1, 0, 0, 1
0.0189669, 0, 0, 1, 1, 1, 0, 0, 1
0.0189694, 0, 0, 1, 1, 1, 0, 1, 1
0.0189695, 0, 0, 1, 1, 1, 1, 1, 1
0.0189847, 0, 0, 1, 1, 1, 1, 0, 1
0.0189976, 0, 0, 0, 1, 1, 1, 0, 1
0.0189999, 0, 0, 0, 1, 1, 0, 0, 1
0.0190000, 0, 0, 0, 1, 1, 0, 1, 1
0.0190152, 0, 0, 0, 1, 1, 0, 0, 1
0.0190228, 0, 0, 0, 1, 1, 0, 0, 0
0.0190278, 0, 0, 1, 1, 1, 0, 0, 0
0.0190305, 0, 0, 1, 1, 1, 1, 1, 0
0.0190457, 0, 0, 1, 1, 1, 1, 0, 0
0.0190583, 0, 0, 0, 1, 1, 1, 0, 0
0.0190610, 0, 0, 0, 1, 1, 0, 1, 0
0.0190762, 0, 0, 0, 1, 1, 0, 0, 0
0.0190888, 0, 0, 1, 1, 1, 0, 0, 0
0.0190915, 0, 0, 1, 1, 1, 0, 1, 0
0.0190916, 0, 0, 1, 1, 1, 1, 1, 0
0.0191068, 0, 0, 1, 1, 1, 1, 0, 0
0.0191144, 0, 0, 1, 1, 1, 1, 0, 1
0.0191193, 0, 0, 0, 1, 1, 1, 0, 1
0.0191220, 0, 0, 0, 1, 1, 0, 0, 1
0.0191221, 0, 0, 0, 1, 1, 0, 1, 1
0.0191373, 0, 0, 0, 1, 1, 0, 0, 1
0.0191498, 0, 0, 1, 1, 1, 0, 0, 1
0.0191525, 0, 0, 1, 1, 1, 0, 1, 1
0.0191526, 0, 0, 1, 1, 1, 1, 1, 1
0.0191678, 0, 0, 1, 1, 1, 1, 0, 1
0.0191804, 0, 0, 0, 1, 1, 1, 0, 1
0.0191831, 0, 0, 0, 1, 1, 0, 1, 1
0.0191983, 0, 0, 0, 1, 1, 0, 0, 1
0.0192109, 0, 0, 1, 1, 1, 0, 0, 1
0.0192136, 0, 0, 1, 1, 1, 1, 1, 1
0.0192288, 0, 0, 1, 1, 1, 1, 0, 1
0.0192414, 0, 0, 0, 1, 1, 1, 0, 1
0.0192441, 0, 0, 0, 1, 1, 0, 0, 1
0.0192442, 0, 0, 0, 1, 1, 0, 1, 1
0.0192594, 0, 0, 0, 1, 1, 0, 0, 1
0.0192670, 0, 0, 0, 1, 1, 0, 0, 0
0.0192721, 0, 0, 1, 1, 1, 0, 0, 0
0.0192746, 0, 0, 1, 1, 1, 0, 1, 0
0.0192747, 0, 0, 1, 1, 1, 1, 1, 0
0.0192899, 0, 0, 1, 1, 1, 1, 0, 0
0.0193028, 0, 0, 0, 1, 1, 1, 0, 0
0.0193051, 0, 0, 0, 1, 1, 0, 0, 0
0.0193052, 0, 0, 0, 1, 1, 0, 1, 0
0.0193204, 0, 0, 0, 1, 1, 0, 0, 0
0.0193335, 0, 0, 1, 1, 1, 0, 0, 0
0.0193357, 0, 0, 1, 1, 1, 1, 1, 0
0.0193509, 0, 0, 1, 1, 1, 1, 0, 0
0.0193634, 0, 0, 0, 1, 1, 1, 0, 0
0.0193662, 0, 0, 0, 1, 1, 0, 1, 0
0.0193814, 0, 0, 0, 1, 1, 0, 0, 0
0.0193939, 0, 0, 1, 1, 1, 0, 0, 0
0.0193967, 0, 0, 1, 1, 1, 0, 1, 0
0.0193968, 0, 0, 1, 1, 1, 1, 1, 0
0.0194120, 0, 0, 1, 1, 1, 1, 0, 0
0.0194244, 0, 0, 0, 1, 1, 1, 0, 0
0.0194272, 0, 0, 0, 1, 1, 0, 0, 0
0.0194273, 0, 0, 0, 1, 1, 0, 1, 0
0.0194425, 0, 0, 0, 1, 1, 0, 0, 0
0.0194551, 0, 0, 1, 1, 1, 0, 0, 0
0.0194577, 0, 0, 1, 1, 1, 0, 1, 0
0.0194578, 0, 0, 1, 1, 1, 1, 1, 0
0.0194730, 0, 0, 1, 1, 1, 1, 0, 0
0.0194858, 0, 0, 0, 1, 1, 1, 0, 0
0.0194882, 0, 0, 0, 1, 1, 0, 0, 0
0.0194883, 0, 0, 0, 1, 1, 0, 1, 0
0.0195035, 0, 0, 0, 1, 1, 0, 0, 0
0.0195164, 0, 0, 1, 1, 1, 0, 0, 0
0.0195188, 0, 0, 1, 1, 1, 1, 1, 0
0.0195340, 0, 0, 1, 1, 1, 1, 0, 0
0.0195471, 0, 0, 0, 1, 1, 1, 0, 0
0.0195493, 0, 0, 0, 1, 1, 0, 1, 0
0.0195646, 0, 0, 0, 1, 1, 0, 0, 0
0.0195722, 0, 0, 0, 1, 1, 0, 0, 1
0.0195769, 0, 0, 1, 1, 1, 0, 0, 1
0.0195798, 0, 0, 1, 1, 1, 0, 1, 1
0.0195799, 0, 0, 1, 1, 1, 1, 1, 1
0.0195951, 0, 0, 1, 1, 1, 1, 0, 1
0.0196027, 0, 0, 1, 1, 1, 1, 0, 0
0.0196075, 0, 0, 0, 1, 1, 1, 0, 0
0.0196103, 0, 0, 0, 1, 1, 0, 0, 0
0.0196104, 0, 0, 0, 1, 1, 0, 1, 0
0.0196256, 0, 0, 0, 1, 1, 0, 0, 0
0.0196379, 0, 0, 1, 1, 1, 0, 0, 0
0.0196409, 0, 0, 1, 1, 1, 1, 1, 0
0.0196561, 0, 0, 1, 1, 1, 1, 0, 0
0.0196684, 0, 0, 0, 1, 1, 1, 0, 0
0.0196714, 0, 0, 0, 1, 1, 0, 1, 0
0.0196866, 0, 0, 0, 1, 1, 0, 0, 0
0.0196989, 0, 0, 1, 1, 1, 0, 0, 0
0.0197019, 0, 0, 1, 1, 1, 1, 1, 0
0.0197172, 0, 0, 1, 1, 1, 1, 0, 0
0.0197248, 0, 0, 1, 1, 1, 1, 0, 1
0.0197294, 0, 0, 0, 1, 1, 1, 0, 1
0.0197324, 0, 0, 0, 1, 1, 0, 0, 1
0.0197325, 0, 0, 0, 1, 1, 0, 1, 1
0.0197477, 0, 0, 0, 1, 1, 0, 0, 1
0.0197553, 0, 0, 0, 1, 1, 0, 0, 0
0.0197600, 0, 0, 1, 1, 1, 0, 0, 0
0.0197629, 0, 0, 1, 1, 1, 0, 1, 0
0.0197630, 0, 0, 1, 1, 1, 1, 1, 0
0.0197782, 0, 0, 1, 1, 1, 1, 0, 0
0.0197904, 0, 0, 0, 1, 1, 1, 0, 0
0.0197934, 0, 0, 0, 1, 1, 0, 0, 0
0.0197935, 0, 0, 0, 1, 1, 0, 1, 0
0.0198087, 0, 0, 0, 1, 1, 0, 0, 0
0.0198209, 0, 0, 1, 1, 1, 0, 0, 0
0.0198240, 0, 0, 1, 1, 1, 1, 1, 0
0.0198392, 0, 0, 1, 1, 1, 1, 0, 0
0.0198469, 0, 0, 1, 1, 1, 1, 0, 1
0.0198514, 0, 0, 0, 1, 1, 1, 0, 1
0.0198545, 0, 0, 0, 1, 1, 0, 1, 1
0.0198698, 0, 0, 0, 1, 1, 0, 0, 1
0.0198774, 0, 0, 0, 1, 1, 0, 0, 0
0.0198819, 0, 0, 1, 1, 1, 0, 0, 0
0.0198850, 0, 0, 1, 1, 1, 0, 1, 0
0.0198851, 0, 0, 1, 1, 1, 1, 1, 0
0.0199003, 0, 0, 1, 1, 1, 1, 0, 0
0.0199079, 0, 0, 1, 1, 1, 1, 0, 1
0.0199124, 0, 0, 0, 1, 1, 1, 0, 1
0.0199155, 0, 0, 0, 1, 1, 0, 0, 1
0.0199156, 0, 0, 0, 1, 1, 0, 1, 1
0.0199308, 0, 0, 0, 1, 1, 0, 0, 1
0.0199429, 0, 0, 1, 1, 1, 0, 0, 1
0.0199461, 0, 0, 1, 1, 1, 1, 1, 1
0.0199613, 0, 0, 1, 1, 1, 1, 0, 1
0.0199690, 0, 0, 1, 1, 1, 1, 0, 0
0.0199734, 0, 0, 0, 1, 1, 1, 0, 0
0.0199766, 0, 0, 0, 1, 1, 0, 1, 0
0.0199918, 0, 0, 0, 1, 1, 0, 0, 0
0.0200039, 0, 0, 1, 1, 1, 0, 0, 0
0.0200071, 0, 0, 1, 1, 1, 1, 1, 0
0.0200224, 0, 0, 1, 1, 1, 1, 0, 0
0.0200345, 0, 0, 0, 1, 1, 1, 0, 0
0.0200376, 0, 0, 0, 1, 1, 0, 0, 0
0.0200377, 0, 0, 0, 1, 1, 0, 1, 0
0.0200529, 0, 0, 0, 1, 1, 0, 0, 0
0.0200652, 0, 0, 1, 1, 1, 0, 0, 0
0.0200681, 0, 0, 1, 1, 1, 0, 1, 0
0.0200682, 0, 0, 1, 1, 1, 1, 1, 0
0.0200834, 0, 0, 1, 1, 1, 1, 0, 0
0.0200911, 0, 0, 1, 1, 1, 1, 0, 1
0.0200959, 0, 0, 0, 1, 1, 1, 0, 1
0.0200986, 0, 0, 0, 1, 1, 0, 0, 1
0.0200987, 0, 0, 0, 1, 1, 0, 1, 1
0.0201139, 0, 0, 0, 1, 1, 0, 0, 1
0.0201216, 0, 0, 0, 1, 1, 0, 0, 0
0.0201259, 0, 0, 1, 1, 1, 0, 0, 0
0.0201292, 0, 0, 1, 1, 1, 1, 1, 0
0.0201444, 0, 0, 1, 1, 1, 1, 0, 0
0.0201521, 0, 0, 1, 1, 1, 1, 0, 1
0.0201565, 0, 0, 0, 1, 1, 1, 0, 1
0.0201597, 0, 0, 0, 1, 1, 0, 1, 1
0.0201750, 0, 0, 0, 1, 1, 0, 0, 1
0.0201870, 0, 0, 1, 1, 1, 0, 0, 1
0.0201902, 0, 0, 1, 1, 1, 0, 1, 1
0.0201903, 0, 0, 1, 1, 1, 1, 1, 1
0.0202055, 0, 0, 1, 1, 1, 1, 0, 1
0.0202177, 0, 0, 0, 1, 1, 1, 0, 1
0.0202207, 0, 0, 0, 1, 1, 0, 0, 1
0.0202208, 0, 0, 0, 1, 1, 0, 1, 1
0.0202360, 0, 0, 0, 1, 1, 0, 0, 1
0.0202436, 0, 0, 0, 1, 1, 0, 0, 0
0.0202480, 0, 0, 1, 1, 1, 0, 0, 0
0.0202513, 0, 0, 1, 1, 1, 1, 1, 0
0.0202665, 0, 0, 1, 1, 1, 1, 0, 0
0.0202785, 0, 0, 0, 1, 1, 1, 0, 0
0.0202818, 0, 0, 0, 1, 1, 0, 1, 0
0.0202970, 0, 0, 0, 1, 1, 0, 0, 0
0.0203090, 0, 0, 1, 1, 1, 0, 0, 0
0.0203123, 0, 0, 1, 1, 1, 1, 1, 0
0.0203276, 0, 0, 1, 1, 1, 1, 0, 0
0.0203395, 0, 0, 0, 1, 1, 1, 0, 0
0.0203428, 0, 0, 0, 1, 1, 0, 0, 0
0.0203429, 0, 0, 0, 1, 1, 0, 1, 0
0.0203581, 0, 0, 0, 1, 1, 0, 0, 0
0.0203657, 0, 0, 0, 1, 1, 0, 0, 1
0.0203700, 0, 0, 1, 1, 1, 0, 0, 1
0.0203733, 0, 0, 1, 1, 1, 0, 1, 1
0.0203734, 0, 0, 1, 1, 1, 1, 1, 1
0.0203886, 0, 0, 1, 1, 1, 1, 0, 1
0.0203962, 0, 0, 1, 1, 1, 1, 0, 0
0.0204007, 0, 0, 0, 1, 1, 1, 0, 0
0.0204038, 0, 0, 0, 1, 1, 0, 0, 0
0.0204039, 0, 0, 0, 1, 1, 0, 1, 0
0.0204191, 0, 0, 0, 1, 1, 0, 0, 0
0.0204310, 0, 0, 1, 1, 1, 0, 0, 0
0.0204344, 0, 0, 1, 1, 1, 1, 1, 0
0.0204496, 0, 0, 1, 1, 1, 1, 0, 0
0.0204615, 0, 0, 0, 1, 1, 1, 0, 0
0.0204649, 0, 0, 0, 1, 1, 0, 1, 0
0.0204801, 0, 0, 0, 1, 1, 0, 0, 0
0.0204921, 0, 0, 1, 1, 1, 0, 0, 0
0.0204954, 0, 0, 1, 1, 1, 0, 1, 0
0.0204955, 0, 0, 1, 1, 1, 1, 1, 0
0.0205107, 0, 0, 1, 1, 1, 1, 0, 0
0.0205225, 0, 0, 0, 1, 1, 1, 0, 0
0.0205259, 0, 0, 0, 1, 1, 0, 0, 0
0.0205260, 0, 0, 0, 1, 1, 0, 1, 0
0.0205412, 0, 0, 0, 1, 1, 0, 0, 0
0.0205530, 0, 0, 1, 1, 1, 0, 0, 0
0.0205565, 0, 0, 1, 1, 1, 1, 1, 0
0.0205717, 0, 0, 1, 1, 1, 1, 0, 0
0.0205835, 0, 0, 0, 1, 1, 1, 0, 0
0.0205870, 0, 0, 0, 1, 1, 0, 1, 0
0.0206022, 0, 0, 0, 1, 1, 0, 0, 0
0.0206140, 0, 0, 1, 1, 1, 0, 0, 0
0.0206175, 0, 0, 1, 1, 1, 1, 1, 0
0.0206327, 0, 0, 1, 1, 1, 1, 0, 0
0.0206445, 0, 0, 0, 1, 1, 1, 0, 0
0.0206480, 0, 0, 0, 1, 1, 0, 0, 0
0.0206481, 0, 0, 0, 1, 1, 0, 1, 0
0.0206633, 0, 0, 0, 1, 1, 0, 0, 0
0.0206751, 0, 0, 1, 1, 1, 0, 0, 0
0.0206785, 0, 0, 1, 1, 1, 0, 1, 0
0.0206786, 0, 0, 1, 1, 1, 1, 1, 0
0.0206938, 0, 0, 1, 1, 1, 1, 0, 0
0.0207015, 0, 0, 1, 1, 1, 1, 0, 1
0.0207058, 0, 0, 0, 1, 1, 1, 0, 1
0.0207090, 0, 0, 0, 1, 1, 0, 0, 1
0.0207091, 0, 0, 0, 1, 1, 0, 1, 1
0.0207243, 0, 0, 0, 1, 1, 0, 0, 1
0.0207319, 0, 0, 0, 1, 1, 0, 0, 0
0.0207365, 0, 0, 1, 1, 1, 0, 0, 0
0.0207396, 0, 0, 1, 1, 1, 1, 1, 0
0.0207548, 0, 0, 1, 1, 1, 1, 0, 0
0.0207672, 0, 0, 0, 1, 1, 1, 0, 0
0.0207701, 0, 0, 0, 1, 1, 0, 1, 0
0.0207853, 0, 0, 0, 1, 1, 0, 0, 0
0.0207979, 0, 0, 1, 1, 1, 0, 0, 0
0.0208006, 0, 0, 1, 1, 1, 0, 1, 0
0.0208007, 0, 0, 1, 1, 1, 1, 1, 0
0.0208159, 0, 0, 1, 1, 1, 1, 0, 0
0.0208276, 0, 0, 0, 1, 1, 1, 0, 0
0.0208311, 0, 0, 0, 1, 1, 0, 0, 0
0.0208312, 0, 0, 0, 1, 1, 0, 1, 0
0.0208464, 0, 0, 0, 1, 1, 0, 0, 0
0.0208583, 0, 0, 1, 1, 1, 0, 0, 0
0.0208616, 0, 0, 1, 1, 1, 0, 1, 0
0.0208617, 0, 0, 1, 1, 1, 1, 1, 0
0.0208769, 0, 0, 1, 1, 1, 1, 0, 0
0.0208885, 0, 0, 0, 1, 1, 1, 0, 0
0.0208922, 0, 0, 0, 1, 1, 0, 1, 0
0.0209074, 0, 0, 0, 1, 1, 0, 0, 0
0.0209190, 0, 0, 1, 1, 1, 0, 0, 0
0.0209227, 0, 0, 1, 1, 1, 1, 1, 0
0.0209379, 0, 0, 1, 1, 1, 1, 0, 0
0.0209495, 0, 0, 0, 1, 1, 1, 0, 0
0.0209532, 0, 0, 0, 1, 1, 0, 0, 0
0.0209533, 0, 0, 0, 1, 1, 0, 1, 0
0.0209685, 0, 0, 0, 1, 1, 0, 0, 0
0.0209801, 0, 0, 1, 1, 1, 0, 0, 0
0.0209837, 0, 0, 1, 1, 1, 0, 1, 0
0.0209838, 0, 0, 1, 1, 1, 1, 1, 0
0.0209990, 0, 0, 1, 1, 1, 1, 0, 0
0.0210108, 0, 0, 0, 1, 1, 1, 0, 0
0.0210142, 0, 0, 0, 1, 1, 0, 0, 0
0.0210143, 0, 0, 0, 1, 1, 0, 1, 0
0.0210295, 0, 0, 0, 1, 1, 0, 0, 0
0.0210410, 0, 0, 1, 1, 1, 0, 0, 0
0.0210448, 0, 0, 1, 1, 1, 1, 1, 0
0.0210600, 0, 0, 1, 1, 1, 1, 0, 0
0.0210716, 0, 0, 0, 1, 1, 1, 0, 0
0.0210753, 0, 0, 0, 1, 1, 0, 1, 0
0.0210905, 0, 0, 0, 1, 1, 0, 0, 0
0.0211021, 0, 0, 1, 1, 1, 0, 0, 0
0.0211058, 0, 0, 1, 1, 1, 0, 1, 0
0.0211059, 0, 0, 1, 1, 1, 1, 1, 0
0.0211211, 0, 0, 1, 1, 1, 1, 0, 0
0.0211328, 0, 0, 0, 1, 1, 1, 0, 0
0.0211363, 0, 0, 0, 1, 1, 0, 0, 0
0.0211364, 0, 0, 0, 1, 1, 0, 1, 0
0.0211516, 0, 0, 0, 1, 1, 0, 0, 0
0.0211635, 0, 0, 1, 1, 1, 0, 0, 0
0.0211668, 0, 0, 1, 1, 1, 0, 1, 0
0.0211669, 0, 0, 1, 1, 1, 1, 1, 0
0.0211821, 0, 0, 1, 1, 1, 1, 0, 0
0.0211942, 0, 0, 0, 1, 1, 1, 0, 0
0.0211974, 0, 0, 0, 1, 1, 0, 1, 0
0.0212126, 0, 0, 0, 1, 1, 0, 0, 0
0.0212249, 0, 0, 1, 1, 1, 0, 0, 0
0.0212279, 0, 0, 1, 1, 1, 1, 1, 0
0.0212431, 0, 0, 1, 1, 1, 1, 0, 0
0.0212546, 0, 0, 0, 1, 1, 1, 0, 0
0.0212584, 0, 0, 0, 1, 1, 0, 0, 0
0.0212585, 0, 0, 0, 1, 1, 0, 1, 0
0.0212737, 0, 0, 0, 1, 1, 0, 0, 0
0.0212853, 0, 0, 1, 1, 1, 0, 0, 0
0.0212889, 0, 0, 1, 1, 1, 0, 1, 0
0.0212890, 0, 0, 1, 1, 1, 1, 1, 0
0.0213042, 0, 0, 1, 1, 1, 1, 0, 0
0.0213156, 0, 0, 0, 1, 1, 1, 0, 0
0.0213194, 0, 0, 0, 1, 1, 0, 0, 0
0.0213195, 0, 0, 0, 1, 1, 0, 1, 0
0.0213347, 0, 0, 0, 1, 1, 0, 0, 0
0.0213461, 0, 0, 1, 1, 1, 0, 0, 0
0.0213500, 0, 0, 1, 1, 1, 1, 1, 0
0.0213652, 0, 0, 1, 1, 1, 1, 0, 0
0.0213766, 0, 0, 0, 1, 1, 1, 0, 0
0.0213805, 0, 0, 0, 1, 1, 0, 1, 0
0.0213957, 0, 0, 0, 1, 1, 0, 0, 0
0.0214078, 0, 0, 1, 1, 1, 0, 0, 0
0.0214110, 0, 0, 1, 1, 1, 0, 1, 0
0.0214111, 0, 0, 1, 1, 1, 1, 1, 0
0.0214263, 0, 0, 1, 1, 1, 1, 0, 0
0.0214376, 0, 0, 0, 1, 1, 1, 0, 0
0.0214415, 0, 0, 0, 1, 1, 0, 0, 0
0.0214416, 0, 0, 0, 1, 1, 0, 1, 0
0.0214568, 0, 0, 0, 1, 1, 0, 0, 0
0.0214682, 0, 0, 1, 1, 1, 0, 0, 0
0.0214720, 0, 0, 1, 1, 1, 0, 1, 0
0.0214721, 0, 0, 1, 1, 1, 1, 1, 0
0.0214873, 0, 0, 1, 1, 1, 1, 0, 0
0.0214986, 0, 0, 0, 1, 1, 1, 0, 0
0.0215025, 0, 0, 0, 1, 1, 0, 0, 0
0.0215026, 0, 0, 0, 1, 1, 0, 1, 0
0.0215178, 0, 0, 0, 1, 1, 0, 0, 0
0.0215291, 0, 0, 1, 1, 1, 0, 0, 0
0.0215331, 0, 0, 1, 1, 1, 1, 1, 0
0.0215483, 0, 0, 1, 1, 1, 1, 0, 0
0.0215596, 0, 0, 0, 1, 1, 1, 0, 0
0.0215636, 0, 0, 0, 1, 1, 0, 1, 0
0.0215789, 0, 0, 0, 1, 1, 0, 0, 0
0.0215901, 0, 0, 1, 1, 1, 0, 0, 0
0.0215941, 0, 0, 1, 1, 1, 0, 1, 0
0.0215942, 0, 0, 1, 1, 1, 1, 1, 0
0.0216094, 0, 0, 1, 1, 1, 1, 0, 0
0.0216207, 0, 0, 0, 1, 1, 1, 0, 0
0.0216246, 0, 0, 0, 1, 1, 0, 0, 0
0.0216247, 0, 0, 0, 1, 1, 0, 1, 0
0.0216399, 0, 0, 0, 1, 1, 0, 0, 0
0.0216511, 0, 0, 1, 1, 1, 0, 0, 0
0.0216552, 0, 0, 1, 1, 1, 1, 1, 0
0.0216704, 0, 0, 1, 1, 1, 1, 0, 0
0.0216816, 0, 0, 0, 1, 1, 1, 0, 0
0.0216857, 0, 0, 0, 1, 1, 0, 1, 0
0.0217009, 0, 0, 0, 1, 1, 0, 0, 0
0.0217121, 0, 0, 1, 1, 1, 0, 0, 0
0.0217162, 0, 0, 1, 1, 1, 1, 1, 0
0.0217315, 0, 0, 1, 1, 1, 1, 0, 0
0.0217426, 0, 0, 0, 1, 1, 1, 0, 0
0.0217467, 0, 0, 0, 1, 1, 0, 0, 0
0.0217468, 0, 0, 0, 1, 1, 0, 1, 0
0.0217620, 0, 0, 0, 1, 1, 0, 0, 0
0.0217731, 0, 0, 1, 1, 1, 0, 0, 0
0.0217772, 0, 0, 1, 1, 1, 0, 1, 0
0.0217773, 0, 0, 1, 1, 1, 1, 1, 0
0.0217925, 0, 0, 1, 1, 1, 1, 0, 0
0.0218036, 0, 0, 0, 1, 1, 1, 0, 0
0.0218077, 0, 0, 0, 1, 1, 0, 0, 0
0.0218078, 0, 0, 0, 1, 1, 0, 1, 0
0.0218230, 0, 0, 0, 1, 1, 0, 0, 0
0.0218341, 0, 0, 1, 1, 1, 0, 0, 0
0.0218383, 0, 0, 1, 1, 1, 1, 1, 0
0.0218535, 0, 0, 1, 1, 1, 1, 0, 0
0.0218646, 0, 0, 0, 1, 1, 1, 0, 0
0.0218688, 0, 0, 0, 1, 1, 0, 1, 0
0.0218841, 0, 0, 0, 1, 1, 0, 0, 0
0.0218952, 0, 0, 1, 1, 1, 0, 0, 0
0.0218993, 0, 0, 1, 1, 1, 0, 1, 0
0.0218994, 0, 0, 1, 1, 1, 1, 1, 0
0.0219146, 0, 0, 1, 1, 1, 1, 0, 0
0.0219259, 0, 0, 0, 1, 1, 1, 0, 0
0.0219298, 0, 0, 0, 1, 1, 0, 0, 0
0.0219299, 0, 0, 0, 1, 1, 0, 1, 0
0.0219451, 0, 0, 0, 1, 1, 0, 0, 0
0.0219566, 0, 0, 1, 1, 1, 0, 0, 0
0.0219604, 0, 0, 1, 1, 1, 1, 1, 0
0.0219756, 0, 0, 1, 1, 1, 1, 0, 0
0.0219873, 0, 0, 0, 1, 1, 1, 0, 0
0.0219909, 0, 0, 0, 1, 1, 0, 1, 0
0.0220061, 0, 0, 0, 1, 1, 0, 0, 0
0.0220180, 0, 0, 1, 1, 1, 0, 0, 0
0.0220214, 0, 0, 1, 1, 1, 1, 1, 0
0.0220367, 0, 0, 1, 1, 1, 1, 0, 0
0.0220477, 0, 0, 0, 1, 1, 1, 0, 0
0.0220519, 0, 0, 0, 1, 1, 0, 0, 0
0.0220520, 0, 0, 0, 1, 1, 0, 1, 0
0.0220672, 0, 0, 0, 1, 1, 0, 0, 0
0.0220783, 0, 0, 1, 1, 1, 0, 0, 0
0.0220824, 0, 0, 1, 1, 1, 0, 1, 0
0.0220825, 0, 0, 1, 1, 1, 1, 1, 0
0.0220977, 0, 0, 1, 1, 1, 1, 0, 0
0.0221087, 0, 0, 0, 1, 1, 1, 0, 0
0.0221129, 0, 0, 0, 1, 1, 0, 0, 0
0.0221130, 0, 0, 0, 1, 1, 0, 1, 0
0.0221282, 0, 0, 0, 1, 1, 0, 0, 0
0.0221392, 0, 0, 1, 1, 1, 0, 0, 0
0.0221435, 0, 0, 1, 1, 1, 1, 1, 0
0.0221587, 0, 0, 1, 1, 1, 1, 0, 0
0.0221697, 0, 0, 0, 1, 1, 1, 0, 0
0.0221740, 0, 0, 0, 1, 1, 0, 1, 0
0.0221893, 0, 0, 0, 1, 1, 0, 0, 0
0.0222002, 0, 0, 1, 1, 1, 0, 0, 0
0.0222045, 0, 0, 1, 1, 1, 0, 1, 0
0.0222046, 0, 0, 1, 1, 1, 1, 1, 0
0.0222198, 0, 0, 1, 1, 1, 1, 0, 0
0.0222307, 0, 0, 0, 1, 1, 1, 0, 0
0.0222350, 0, 0, 0, 1, 1, 0, 0, 0
0.0222351, 0, 0, 0, 1, 1, 0, 1, 0
0.0222503, 0, 0, 0, 1, 1, 0, 0, 0
0.0222612, 0, 0, 1, 1, 1, 0, 0, 0
0.0222656, 0, 0, 1, 1, 1, 1, 1, 0
0.0222808, 0, 0, 1, 1, 1, 1, 0, 0
0.0222917, 0, 0, 0, 1, 1, 1, 0, 0
0.0222961, 0, 0, 0, 1, 1, 0, 1, 0
0.0223113, 0, 0, 0, 1, 1, 0, 0, 0
0.0223190, 0, 0, 0, 1, 1, 0, 0, 1
0.0223222, 0, 0, 1, 1, 1, 0, 0, 1
0.0223266, 0, 0, 1, 1, 1, 1, 1, 1
0.0223418, 0, 0, 1, 1, 1, 1, 0, 1
0.0223529, 0, 0, 0, 1, 1, 1, 0, 1
0.0223571, 0, 0, 0, 1, 1, 0, 0, 1
0.0223572, 0, 0, 0, 1, 1, 0, 1, 1
0.0223724, 0, 0, 0, 1, 1, 0, 0, 1
0.0223800, 0, 0, 0, 1, 1, 0, 0, 0
0.0223836, 0, 0, 1, 1, 1, 0, 0, 0
0.0223876, 0, 0, 1, 1, 1, 0, 1, 0
0.0223877, 0, 0, 1, 1, 1, 1, 1, 0
0.0224029, 0, 0, 1, 1, 1, 1, 0, 0
0.0224106, 0, 0, 1, 1, 1, 1, 0, 1
0.0224143, 0, 0, 0, 1, 1, 1, 0, 1
0.0224181, 0, 0, 0, 1, 1, 0, 0, 1
0.0224182, 0, 0, 0, 1, 1, 0, 1, 1
0.0224334, 0, 0, 0, 1, 1, 0, 0, 1
0.0224442, 0, 0, 1, 1, 1, 0, 0, 1
0.0224487, 0, 0, 1, 1, 1, 1, 1, 1
0.0224639, 0, 0, 1, 1, 1, 1, 0, 1
0.0224747, 0, 0, 0, 1, 1, 1, 0, 1
0.0224792, 0, 0, 0, 1, 1, 0, 1, 1
0.0224944, 0, 0, 0, 1, 1, 0, 0, 1
0.0225052, 0, 0, 1, 1, 1, 0, 0, 1
0.0225097, 0, 0, 1, 1, 1, 0, 1, 1
0.0225098, 0, 0, 1, 1, 1, 1, 1, 1
0.0225250, 0, 0, 1, 1, 1, 1, 0, 1
0.0225326, 0, 0, 1, 1, 1, 1, 0, 0
0.0225358, 0, 0, 0, 1, 1, 1, 0, 0
0.0225402, 0, 0, 0, 1, 1, 0, 0, 0
0.0225403, 0, 0, 0, 1, 1, 0, 1, 0
0.0225555, 0, 0, 0, 1, 1, 0, 0, 0
0.0225632, 0, 0, 0, 1, 1, 0, 0, 1
0.0225665, 0, 0, 1, 1, 1, 0, 0, 1
0.0225707, 0, 0, 1, 1, 1, 0, 1, 1
0.0225708, 0, 0, 1, 1, 1, 1, 1, 1
0.0225860, 0, 0, 1, 1, 1, 1, 0, 1
0.0225972, 0, 0, 0, 1, 1, 1, 0, 1
0.0226013, 0, 0, 0, 1, 1, 0, 1, 1
0.0226165, 0, 0, 0, 1, 1, 0, 0, 1
0.0226242, 0, 0, 0, 1, 1, 0, 0, 0
0.0226279, 0, 0, 1, 1, 1, 0, 0, 0
0.0226318, 0, 0, 1, 1, 1, 1, 1, 0
0.0226470, 0, 0, 1, 1, 1, 1, 0, 0
0.0226547, 0, 0, 1, 1, 1, 1, 0, 1
0.0226586, 0, 0, 0, 1, 1, 1, 0, 1
0.0226623, 0, 0, 0, 1, 1, 0, 0, 1
0.0226624, 0, 0, 0, 1, 1, 0, 1, 1
0.0226776, 0, 0, 0, 1, 1, 0, 0, 1
0.0226883, 0, 0, 1, 1, 1, 0, 0, 1
0.0226928, 0, 0, 1, 1, 1, 0, 1, 1
0.0226929, 0, 0, 1, 1, 1, 1, 1, 1
0.0227081, 0, 0, 1, 1, 1, 1, 0, 1
0.0227157, 0, 0, 1, 1, 1, 1, 0, 0
0.0227190, 0, 0, 0, 1, 1, 1, 0, 0
0.0227233, 0, 0, 0, 1, 1, 0, 0, 0
0.0227234, 0, 0, 0, 1, 1, 0, 1, 0
0.0227386, 0, 0, 0, 1, 1, 0, 0, 0
0.0227492, 0, 0, 1, 1, 1, 0, 0, 0
0.0227539, 0, 0, 1, 1, 1, 1, 1, 0
0.0227691, 0, 0, 1, 1, 1, 1, 0, 0
0.0227797, 0, 0, 0, 1, 1, 1, 0, 0
0.0227844, 0, 0, 0, 1, 1, 0, 1, 0
0.0227996, 0, 0, 0, 1, 1, 0, 0, 0
0.0228073, 0, 0, 0, 1, 1, 0, 0, 1
0.0228102, 0, 0, 1, 1, 1, 0, 0, 1
0.0228149, 0, 0, 1, 1, 1, 0, 1, 1
0.0228150, 0, 0, 1, 1, 1, 1, 1, 1
0.0228302, 0, 0, 1, 1, 1, 1, 0, 1
0.0228378, 0, 0, 1, 1, 1, 1, 0, 0
0.0228408, 0, 0, 0, 1, 1, 1, 0, 0
0.0228454, 0, 0, 0, 1, 1, 0, 0, 0
0.0228455, 0, 0, 0, 1, 1, 0, 1, 0
0.0228607, 0, 0, 0, 1, 1, 0, 0, 0
0.0228684, 0, 0, 0, 1, 1, 0, 0, 1
0.0228715, 0, 0, 1, 1, 1, 0, 0, 1
0.0228759, 0, 0, 1, 1, 1, 0, 1, 1
0.0228760, 0, 0, 1, 1, 1, 1, 1, 1
0.0228912, 0, 0, 1, 1, 1, 1, 0, 1
0.0229017, 0, 0, 0, 1, 1, 1, 0, 1
0.0229065, 0, 0, 0, 1, 1, 0, 1, 1
0.0229217, 0, 0, 0, 1, 1, 0, 0, 1
0.0229294, 0, 0, 0, 1, 1, 0, 0, 0
0.0229322, 0, 0, 1, 1, 1, 0, 0, 0
0.0229370, 0, 0, 1, 1, 1, 1, 1, 0
0.0229522, 0, 0, 1, 1, 1, 1, 0, 0
0.0229627, 0, 0, 0, 1, 1, 1, 0, 0
0.0229675, 0, 0, 0, 1, 1, 0, 0, 0
0.0229676, 0, 0, 0, 1, 1, 0, 1, 0
0.0229828, 0, 0, 0, 1, 1, 0, 0, 0
0.0229933, 0, 0, 1, 1, 1, 0, 0, 0
0.0229980, 0, 0, 1, 1, 1, 0, 1, 0
0.0229981, 0, 0, 1, 1, 1, 1, 1, 0
0.0230133, 0, 0, 1, 1, 1, 1, 0, 0
0.0230238, 0, 0, 0, 1, 1, 1, 0, 0
0.0230285, 0, 0, 0, 1, 1, 0, 0, 0
0.0230286, 0, 0, 0, 1, 1, 0, 1, 0
0.0230438, 0, 0, 0, 1, 1, 0, 0, 0
0.0230543, 0, 0, 1, 1, 1, 0, 0, 0
0.0230591, 0, 0, 1, 1, 1, 1, 1, 0
0.0230743, 0, 0, 1, 1, 1, 1, 0, 0
0.0230848, 0, 0, 0, 1, 1, 1, 0, 0
0.0230896, 0, 0, 0, 1, 1, 0, 1, 0
0.0231048, 0, 0, 0, 1, 1, 0, 0, 0
0.0231153, 0, 0, 1, 1, 1, 0, 0, 0
0.0231201, 0, 0, 1, 1, 1, 0, 1, 0
0.0231202, 0, 0, 1, 1, 1, 1, 1, 0
0.0231313, 0, 0, 1, 0, 1, 1, 1, 0
0.0231354, 0, 0, 1, 0, 1, 1, 0, 0
0.0231463, 0, 0, 0, 0, 1, 1, 0, 0
0.0231471, 0, 0, 0, 1, 1, 1, 0, 0
0.0231506, 0, 0, 0, 1, 1, 0, 0, 0
0.0231507, 0, 0, 0, 1, 1, 0, 1, 0
0.0231616, 0, 0, 0, 0, 1, 0, 1, 0
0.0231659, 0, 0, 0, 0, 1, 0, 0, 0
0.0231763, 0, 0, 1, 0, 1, 0, 0, 0
0.0231770, 0, 0, 1, 1, 1, 0, 0, 0
0.0231811, 0, 0, 1, 1, 1, 0, 1, 0
0.0231812, 0, 0, 1, 1, 1, 1, 1, 0
0.0231921, 0, 0, 1, 0, 1, 1, 1, 0
0.0231964, 0, 0, 1, 0, 1, 1, 0, 0
0.0232068, 0, 0, 0, 0, 1, 1, 0, 0
0.0232075, 0, 0, 0, 1, 1, 1, 0, 0
0.0232088, 0, 0, 0, 1, 0, 1, 0, 0
0.0232117, 0, 0, 0, 1, 0, 0, 1, 0
0.0232227, 0, 0, 0, 0, 0, 0, 1, 0
0.0232269, 0, 0, 0, 0, 0, 0, 0, 0
0.0232373, 0, 0, 1, 0, 0, 0, 0, 0
0.0232380, 0, 0, 1, 1, 0, 0, 0, 0
0.0232422, 0, 0, 1, 1, 0, 1, 1, 0
0.0232533, 0, 0, 1, 0, 0, 1, 1, 0
0.0232574, 0, 0, 1, 0, 0, 1, 0, 0
0.0232684, 0, 0, 0, 0, 0, 1, 0, 0
0.0232692, 0, 0, 0, 1, 0, 1, 0, 0
0.0232727, 0, 0, 0, 1, 0, 0, 1, 0
0.0232836, 0, 0, 0, 0, 0, 0, 1, 0
0.0232880, 0, 0, 0, 0, 0, 0, 0, 0
0.0232983, 0, 0, 1, 0, 0, 0, 0, 0
0.0232990, 0, 0, 1, 1, 0, 0, 0, 0
0.0233032, 0, 0, 1, 1, 0, 0, 1, 0
0.0233033, 0, 0, 1, 1, 0, 1, 1, 0
0.0233141, 0, 0, 1, 0, 0, 1, 1, 0
0.0233185, 0, 0, 1, 0, 0, 1, 0, 0
0.0233262, 0, 0, 1, 0, 0, 1, 0, 1
0.0233288, 0, 0, 0, 0, 0, 1, 0, 1
0.0233296, 0, 0, 0, 1, 0, 1, 0, 1
0.0233337, 0, 0, 0, 1, 0, 0, 0, 1
0.0233338, 0, 0, 0, 1, 0, 0, 1, 1
0.0233446, 0, 0, 0, 0, 0, 0, 1, 1
0.0233490, 0, 0, 0, 0, 0, 0, 0, 1
0.0233593, 0, 0, 1, 0, 0, 0, 0, 1
0.0233600, 0, 0, 1, 1, 0, 0, 0, 1
0.0233643, 0, 0, 1, 1, 0, 1, 1, 1
0.0233758, 0, 0, 1, 0, 0, 1, 1, 1
0.0233795, 0, 0, 1, 0, 0, 1, 0, 1
0.0233899, 0, 0, 0, 0, 0, 1, 0, 1
0.0233906, 0, 0, 0, 1, 0, 1, 0, 1
0.0233948, 0, 0, 0, 1, 0, 0, 1, 1
0.0234056, 0, 0, 0, 0, 0, 0, 1, 1
0.0234100, 0, 0, 0, 0, 0, 0, 0, 1
0.0234177, 0, 0, 0, 0, 0, 0, 0, 0
0.0234205, 0, 0, 1, 0, 0, 0, 0, 0
0.0234213, 0, 0, 1, 1, 0, 0, 0, 0
0.0234224, 0, 0, 1, 1, 1, 0, 0, 0
0.0234253, 0, 0, 1, 1, 1, 0, 1, 0
0.0234254, 0, 0, 1, 1, 1, 1, 1, 0
0.0234361, 0, 0, 1, 0, 1, 1, 1, 0
0.0234406, 0, 0, 1, 0, 1, 1, 0, 0
0.0234544, 0, 0, 0, 0, 1, 1, 0, 0
0.0234551, 0, 0, 0, 1, 1, 1, 0, 0
0.0234558, 0, 0, 0, 1, 1, 0, 0, 0
0.0234559, 0, 0, 0, 1, 1, 0, 1, 0
0.0234670, 0, 0, 0, 0, 1, 0, 1, 0
0.0234711, 0, 0, 0, 0, 1, 0, 0, 0
0.0234788, 0, 0, 0, 0, 1, 0, 0, 1
0.0234821, 0, 0, 1, 0, 1, 0, 0, 1
0.0234828, 0, 0, 1, 1, 1, 0, 0, 1
0.0234863, 0, 0, 1, 1, 1, 0, 1, 1
0.0234864, 0, 0, 1, 1, 1, 1, 1, 1
0.0234971, 0, 0, 1, 0, 1, 1, 1, 1
0.0235016, 0, 0, 1, 0, 1, 1, 0, 1
0.0235118, 0, 0, 0, 0, 1, 1, 0, 1
0.0235126, 0, 0, 0, 1, 1, 1, 0, 1
0.0235138, 0, 0, 0, 1, 0, 1, 0, 1
0.0235168, 0, 0, 0, 1, 0, 0, 0, 1
0.0235169, 0, 0, 0, 1, 0, 0, 1, 1
0.0235276, 0, 0, 0, 0, 0, 0, 1, 1
0.0235321, 0, 0, 0, 0, 0, 0, 0, 1
0.0235423, 0, 0, 1, 0, 0, 0, 0, 1
0.0235431, 0, 0, 1, 1, 0, 0, 0, 1
0.0235441, 0, 0, 1, 1, 1, 0, 0, 1
0.0235474, 0, 0, 1, 1, 1, 1, 1, 1
0.0235584, 0, 0, 1, 0, 1, 1, 1, 1
0.0235626, 0, 0, 1, 0, 1, 1, 0, 1
0.0235703, 0, 0, 1, 0, 1, 1, 0, 0
0.0235728, 0, 0, 0, 0, 1, 1, 0, 0
0.0235736, 0, 0, 0, 1, 1, 1, 0, 0
0.0235779, 0, 0, 0, 1, 1, 0, 1, 0
0.0235889, 0, 0, 0, 0, 1, 0, 1, 0
0.0235932, 0, 0, 0, 0, 1, 0, 0, 0
0.0236008, 0, 0, 0, 0, 1, 0, 0, 1
0.0236039, 0, 0, 1, 0, 1, 0, 0, 1
0.0236047, 0, 0, 1, 1, 1, 0, 0, 1
0.0236084, 0, 0, 1, 1, 1, 0, 1, 1
0.0236085, 0, 0, 1, 1, 1, 1, 1, 1
0.0236191, 0, 0, 1, 0, 1, 1, 1, 1
0.0236237, 0, 0, 1, 0, 1, 1, 0, 1
0.0236338, 0, 0, 0, 0, 1, 1, 0, 1
0.0236346, 0, 0, 0, 1, 1, 1, 0, 1
0.0236358, 0, 0, 0, 1, 0, 1, 0, 1
0.0236389, 0, 0, 0, 1, 0, 0, 0, 1
0.0236390, 0, 0, 0, 1, 0, 0, 1, 1
0.0236498, 0, 0, 0, 0, 0, 0, 1, 1
0.0236542, 0, 0, 0, 0, 0, 0, 0, 1
0.0236618, 0, 0, 0, 0, 0, 0, 0, 0
0.0236643, 0, 0, 1, 0, 0, 0, 0, 0
0.0236651, 0, 0, 1, 1, 0, 0, 0, 0
0.0236661, 0, 0, 1, 1, 1, 0, 0, 0
0.0236695, 0, 0, 1, 1, 1, 1, 1, 0
0.0236803, 0, 0, 1, 0, 1, 1, 1, 0
0.0236847, 0, 0, 1, 0, 1, 1, 0, 0
0.0236948, 0, 0, 0, 0, 1, 1, 0, 0
0.0236956, 0, 0, 0, 1, 1, 1, 0, 0
0.0236968, 0, 0, 0, 1, 0, 1, 0, 0
0.0237000, 0, 0, 0, 1, 0, 0, 1, 0
0.0237110, 0, 0, 0, 0, 0, 0, 1, 0
0.0237152, 0, 0, 0, 0, 0, 0, 0, 0
0.0237260, 0, 0, 1, 0, 0, 0, 0, 0
0.0237268, 0, 0, 1, 1, 0, 0, 0, 0
0.0237305, 0, 0, 1, 1, 0, 1, 1, 0
0.0237411, 0, 0, 1, 0, 0, 1, 1, 0
0.0237458, 0, 0, 1, 0, 0, 1, 0, 0
0.0237558, 0, 0, 0, 0, 0, 1, 0, 0
0.0237566, 0, 0, 0, 1, 0, 1, 0, 0
0.0237610, 0, 0, 0, 1, 0, 0, 0, 0
0.0237611, 0, 0, 0, 1, 0, 0, 1, 0
0.0237716, 0, 0, 0, 0, 0, 0, 1, 0
0.0237763, 0, 0, 0, 0, 0, 0, 0, 0
0.0237839, 0, 0, 0, 0, 0, 0, 0, 1
0.0237863, 0, 0, 1, 0, 0, 0, 0, 1
0.0237871, 0, 0, 1, 1, 0, 0, 0, 1
0.0237915, 0, 0, 1, 1, 0, 0, 1, 1
0.0237916, 0, 0, 1, 1, 0, 1, 1, 1
0.0238021, 0, 0, 1, 0, 0, 1, 1, 1
0.0238068, 0, 0, 1, 0, 0, 1, 0, 1
0.0238168, 0, 0, 0, 0, 0, 1, 0, 1
0.0238176, 0, 0, 0, 1, 0, 1, 0, 1
0.0238220, 0, 0, 0, 1, 0, 0, 0, 1
0.0238221, 0, 0, 0, 1, 0, 0, 1, 1
0.0238334, 0, 0, 0, 0, 0, 0, 1, 1
0.0238373, 0, 0, 0, 0, 0, 0, 0, 1
0.0238475, 0, 0, 1, 0, 0, 0, 0, 1
0.0238482, 0, 0, 1, 1, 0, 0, 0, 1
0.0238526, 0, 0, 1, 1, 0, 1, 1, 1
0.0238632, 0, 0, 1, 0, 0, 1, 1, 1
0.0238678, 0, 0, 1, 0, 0, 1, 0, 1
0.0238755, 0, 0, 1, 0, 0, 1, 0, 0
0.0238782, 0, 0, 0, 0, 0, 1, 0, 0
0.0238789, 0, 0, 0, 1, 0, 1, 0, 0
0.0238831, 0, 0, 0, 1, 0, 0, 1, 0
0.0238937, 0, 0, 0, 0, 0, 0, 1, 0
0.0238984, 0, 0, 0, 0, 0, 0, 0, 0
0.0239083, 0, 0, 1, 0, 0, 0, 0, 0
0.0239091, 0, 0, 1, 1, 0, 0, 0, 0
0.0239136, 0, 0, 1, 1, 0, 0, 1, 0
0.0239137, 0, 0, 1, 1, 0, 1, 1, 0
0.0239242, 0, 0, 1, 0, 0, 1, 1, 0
0.0239289, 0, 0, 1, 0, 0, 1, 0, 0
0.0239389, 0, 0, 0, 0, 0, 1, 0, 0
0.0239396, 0, 0, 0, 1, 0, 1, 0, 0
0.0239441, 0, 0, 0, 1, 0, 0, 0, 0
0.0239442, 0, 0, 0, 1, 0, 0, 1, 0
0.0239549, 0, 0, 0, 0, 0, 0, 1, 0
0.0239594, 0, 0, 0, 0, 0, 0, 0, 0
0.0239694, 0, 0, 1, 0, 0, 0, 0, 0
0.0239701, 0, 0, 1, 1, 0, 0, 0, 0
0.0239747, 0, 0, 1, 1, 0, 1, 1, 0
0.0239855, 0, 0, 1, 0, 0, 1, 1, 0
0.0239899, 0, 0, 1, 0, 0, 1, 0, 0
0.0240006, 0, 0, 0, 0, 0, 1, 0, 0
0.0240014, 0, 0, 0, 1, 0, 1, 0, 0
0.0240052, 0, 0, 0, 1, 0, 0, 1, 0
0.0240157, 0, 0, 0, 0, 0, 0, 1, 0
0.0240204, 0, 0, 0, 0, 0, 0, 0, 0
0.0240304, 0, 0, 1, 0, 0, 0, 0, 0
0.0240311, 0, 0, 1, 1, 0, 0, 0, 0
0.0240357, 0, 0, 1, 1, 0, 1, 1, 0
0.0240462, 0, 0, 1, 0, 0, 1, 1, 0
0.0240510, 0, 0, 1, 0, 0, 1, 0, 0
0.0240609, 0, 0, 0, 0, 0, 1, 0, 0
0.0240616, 0, 0, 0, 1, 0, 1, 0, 0
0.0240662, 0, 0, 0, 1, 0, 0, 0, 0
0.0240663, 0, 0, 0, 1, 0, 0, 1, 0
0.0240767, 0, 0, 0, 0, 0, 0, 1, 0
0.0240815, 0, 0, 0, 0, 0, 0, 0, 0
0.0240914, 0, 0, 1, 0, 0, 0, 0, 0
0.0240922, 0, 0, 1, 1, 0, 0, 0, 0
0.0240967, 0, 0, 1, 1, 0, 0, 1, 0
0.0240968, 0, 0, 1, 1, 0, 1, 1, 0
0.0241080, 0, 0, 1, 0, 0, 1, 1, 0
0.0241120, 0, 0, 1, 0, 0, 1, 0, 0
0.0241221, 0, 0, 0, 0, 0, 1, 0, 0
0.0241228, 0, 0, 0, 1, 0, 1, 0, 0
0.0241272, 0, 0, 0, 1, 0, 0, 0, 0
0.0241273, 0, 0, 0, 1, 0, 0, 1, 0
0.0241377, 0, 0, 0, 0, 0, 0, 1, 0
0.0241425, 0, 0, 0, 0, 0, 0, 0, 0
0.0241524, 0, 0, 1, 0, 0, 0, 0, 0
0.0241532, 0, 0, 1, 1, 0, 0, 0, 0
0.0241578, 0, 0, 1, 1, 0, 1, 1, 0
0.0241684, 0, 0, 1, 0, 0, 1, 1, 0
0.0241730, 0, 0, 1, 0, 0, 1, 0, 0
0.0241834, 0, 0, 0, 0, 0, 1, 0, 0
0.0241842, 0, 0, 0, 1, 0, 1, 0, 0
0.0241883, 0, 0, 0, 1, 0, 0, 1, 0
0.0241987, 0, 0, 0, 0, 0, 0, 1, 0
0.0242036, 0, 0, 0, 0, 0, 0, 0, 0
0.0242134, 0, 0, 1, 0, 0, 0, 0, 0
0.0242141, 0, 0, 1, 1, 0, 0, 0, 0
0.0242188, 0, 0, 1, 1, 0, 0, 1, 0
0.0242189, 0, 0, 1, 1, 0, 1, 1, 0
0.0242292, 0, 0, 1, 0, 0, 1, 1, 0
0.0242341, 0, 0, 1, 0, 0, 1, 0, 0
0.0242439, 0, 0, 0, 0, 0, 1, 0, 0
0.0242446, 0, 0, 0, 1, 0, 1, 0, 0
0.0242493, 0, 0, 0, 1, 0, 0, 0, 0
0.0242494, 0, 0, 0, 1, 0, 0, 1, 0
0.0242597, 0, 0, 0, 0, 0, 0, 1, 0
0.0242646, 0, 0, 0, 0, 0, 0, 0, 0
0.0242744, 0, 0, 1, 0, 0, 0, 0, 0
0.0242751, 0, 0, 1, 1, 0, 0, 0, 0
0.0242799, 0, 0, 1, 1, 0, 1, 1, 0
0.0242908, 0, 0, 1, 0, 0, 1, 1, 0
0.0242951, 0, 0, 1, 0, 0, 1, 0, 0
0.0243049, 0, 0, 0, 0, 0, 1, 0, 0
0.0243056, 0, 0, 0, 1, 0, 1, 0, 0
0.0243104, 0, 0, 0, 1, 0, 0, 1, 0
0.0243207, 0, 0, 0, 0, 0, 0, 1, 0
0.0243256, 0, 0, 0, 0, 0, 0, 0, 0
0.0243356, 0, 0, 1, 0, 0, 0, 0, 0
0.0243363, 0, 0, 1, 1, 0, 0, 0, 0
0.0243409, 0, 0, 1, 1, 0, 1, 1, 0
0.0243513, 0, 0, 1, 0, 0, 1, 1, 0
0.0243562, 0, 0, 1, 0, 0, 1, 0, 0
0.0243659, 0, 0, 0, 0, 0, 1, 0, 0
0.0243666, 0, 0, 0, 1, 0, 1, 0, 0
0.0243714, 0, 0, 0, 1, 0, 0, 0, 0
0.0243715, 0, 0, 0, 1, 0, 0, 1, 0
0.0243817, 0, 0, 0, 0, 0, 0, 1, 0
0.0243867, 0, 0, 0, 0, 0, 0, 0, 0
0.0243964, 0, 0, 1, 0, 0, 0, 0, 0
0.0243971, 0, 0, 1, 1, 0, 0, 0, 0
0.0243982, 0, 0, 1, 1, 1, 0, 0, 0
0.0244019, 0, 0, 1, 1, 1, 0, 1, 0
0.0244020, 0, 0, 1, 1, 1, 1, 1, 0
0.0244131, 0, 0, 1, 0, 1, 1, 1, 0
0.0244172, 0, 0, 1, 0, 1, 1, 0, 0
0.0244272, 0, 0, 0, 0, 1, 1, 0, 0
0.0244279, 0, 0, 0, 1, 1, 1, 0, 0
0.0244324, 0, 0, 0, 1, 1, 0, 0, 0
0.0244325, 0, 0, 0, 1, 1, 0, 1, 0
0.0244427, 0, 0, 0, 0, 1, 0, 1, 0
0.0244477, 0, 0, 0, 0, 1, 0, 0, 0
0.0244577, 0, 0, 1, 0, 1, 0, 0, 0
0.0244584, 0, 0, 1, 1, 1, 0, 0, 0
0.0244630, 0, 0, 1, 1, 1, 1, 1, 0
0.0244782, 0, 0, 1, 1, 1, 1, 0, 0
0.0244790, 0, 0, 1, 0, 1, 1, 0, 0
0.0244879, 0, 0, 0, 0, 1, 1, 0, 0
0.0244887, 0, 0, 0, 1, 1, 1, 0, 0
0.0244935, 0, 0, 0, 1, 1, 0, 1, 0
0.0245041, 0, 0, 0, 0, 1, 0, 1, 0
0.0245087, 0, 0, 0, 0, 1, 0, 0, 0
0.0245192, 0, 0, 1, 0, 1, 0, 0, 0
0.0245199, 0, 0, 1, 1, 1, 0, 0, 0
0.0245240, 0, 0, 1, 1, 1, 0, 1, 0
0.0245241, 0, 0, 1, 1, 1, 1, 1, 0
0.0245342, 0, 0, 1, 0, 1, 1, 1, 0
0.0245393, 0, 0, 1, 0, 1, 1, 0, 0
0.0245489, 0, 0, 0, 0, 1, 1, 0, 0
0.0245497, 0, 0, 0, 1, 1, 1, 0, 0
0.0245509, 0, 0, 0, 1, 0, 1, 0, 0
0.0245545, 0, 0, 0, 1, 0, 0, 0, 0
0.0245546, 0, 0, 0, 1, 0, 0, 1, 0
0.0245647, 0, 0, 0, 0, 0, 0, 1, 0
0.0245698, 0, 0, 0, 0, 0, 0, 0, 0
0.0245794, 0, 0, 1, 0, 0, 0, 0, 0
0.0245802, 0, 0, 1, 1, 0, 0, 0, 0
0.0245812, 0, 0, 1, 1, 1, 0, 0, 0
0.0245851, 0, 0, 1, 1, 1, 1, 1, 0
0.0245955, 0, 0, 1, 0, 1, 1, 1, 0
0.0246003, 0, 0, 1, 0, 1, 1, 0, 0
0.0246099, 0, 0, 0, 0, 1, 1, 0, 0
0.0246107, 0, 0, 0, 1, 1, 1, 0, 0
0.0246156, 0, 0, 0, 1, 1, 0, 1, 0
0.0246260, 0, 0, 0, 0, 1, 0, 1, 0
0.0246308, 0, 0, 0, 0, 1, 0, 0, 0
0.0246410, 0, 0, 1, 0, 1, 0, 0, 0
0.0246418, 0, 0, 1, 1, 1, 0, 0, 0
0.0246461, 0, 0, 1, 1, 1, 1, 1, 0
0.0246562, 0, 0, 1, 0, 1, 1, 1, 0
0.0246613, 0, 0, 1, 0, 1, 1, 0, 0
0.0246709, 0, 0, 0, 0, 1, 1, 0, 0
0.0246717, 0, 0, 0, 1, 1, 1, 0, 0
0.0246766, 0, 0, 0, 1, 1, 0, 0, 0
0.0246767, 0, 0, 0, 1, 1, 0, 1, 0
0.0246867, 0, 0, 0, 0, 1, 0, 1, 0
0.0246919, 0, 0, 0, 0, 1, 0, 0, 0
0.0247014, 0, 0, 1, 0, 1, 0, 0, 0
0.0247022, 0, 0, 1, 1, 1, 0, 0, 0
0.0247034, 0, 0, 1, 1, 0, 0, 0, 0
0.0247071, 0, 0, 1, 1, 0, 0, 1, 0
0.0247072, 0, 0, 1, 1, 0, 1, 1, 0
0.0247174, 0, 0, 1, 0, 0, 1, 1, 0
0.0247224, 0, 0, 1, 0, 0, 1, 0, 0
0.0247319, 0, 0, 0, 0, 0, 1, 0, 0
0.0247327, 0, 0, 0, 1, 0, 1, 0, 0
0.0247376, 0, 0, 0, 1, 0, 0, 0, 0
0.0247377, 0, 0, 0, 1, 0, 0, 1, 0
0.0247481, 0, 0, 0, 0, 0, 0, 1, 0
0.0247529, 0, 0, 0, 0, 0, 0, 0, 0
0.0247631, 0, 0, 1, 0, 0, 0, 0, 0
0.0247639, 0, 0, 1, 1, 0, 0, 0, 0
0.0247649, 0, 0, 1, 1, 1, 0, 0, 0
0.0247682, 0, 0, 1, 1, 1, 1, 1, 0
0.0247783, 0, 0, 1, 0, 1, 1, 1, 0
0.0247834, 0, 0, 1, 0, 1, 1, 0, 0
0.0247929, 0, 0, 0, 0, 1, 1, 0, 0
0.0247937, 0, 0, 0, 1, 1, 1, 0, 0
0.0247949, 0, 0, 0, 1, 0, 1, 0, 0
0.0247987, 0, 0, 0, 1, 0, 0, 1, 0
0.0248090, 0, 0, 0, 0, 0, 0, 1, 0
0.0248139, 0, 0, 0, 0, 0, 0, 0, 0
0.0248234, 0, 0, 1, 0, 0, 0, 0, 0
0.0248242, 0, 0, 1, 1, 0, 0, 0, 0
0.0248292, 0, 0, 1, 1, 0, 0, 1, 0
0.0248293, 0, 0, 1, 1, 0, 1, 1, 0
0.0248393, 0, 0, 1, 0, 0, 1, 1, 0
0.0248445, 0, 0, 1, 0, 0, 1, 0, 0
0.0248539, 0, 0, 0, 0, 0, 1, 0, 0
0.0248547, 0, 0, 0, 1, 0, 1, 0, 0
0.0248597, 0, 0, 0, 1, 0, 0, 0, 0
0.0248598, 0, 0, 0, 1, 0, 0, 1, 0
0.0248703, 0, 0, 0, 0, 0, 0, 1, 0
0.0248750, 0, 0, 0, 0, 0, 0, 0, 0
0.0248844, 0, 0, 1, 0, 0, 0, 0, 0
0.0248852, 0, 0, 1, 1, 0, 0, 0, 0
0.0248902, 0, 0, 1, 1, 0, 0, 1, 0
0.0248903, 0, 0, 1, 1, 0, 1, 1, 0
0.0249003, 0, 0, 1, 0, 0, 1, 1, 0
0.0249055, 0, 0, 1, 0, 0, 1, 0, 0
0.0249151, 0, 0, 0, 0, 0, 1, 0, 0
0.0249158, 0, 0, 0, 1, 0, 1, 0, 0
0.0249208, 0, 0, 0, 1, 0, 0, 1, 0
0.0249308, 0, 0, 0, 0, 0, 0, 1, 0
0.0249360, 0, 0, 0, 0, 0, 0, 0, 0
0.0249455, 0, 0, 1, 0, 0, 0, 0, 0
0.0249462, 0, 0, 1, 1, 0, 0, 0, 0
0.0249513, 0, 0, 1, 1, 0, 1, 1, 0
0.0249613, 0, 0, 1, 0, 0, 1, 1, 0
0.0249665, 0, 0, 1, 0, 0, 1, 0, 0
0.0249762, 0, 0, 0, 0, 0, 1, 0, 0
0.0249770, 0, 0, 0, 1, 0, 1, 0, 0
0.0249818, 0, 0, 0, 1, 0, 0, 0, 0
0.0249819, 0, 0, 0, 1, 0, 0, 1, 0
0.0249918, 0, 0, 0, 0, 0, 0, 1, 0
0.0249971, 0, 0, 0, 0, 0, 0, 0, 0
0.0250065, 0, 0, 1, 0, 0, 0, 0, 0
0.0250073, 0, 0, 1, 1, 0, 0, 0, 0
0.0250123, 0, 0, 1, 1, 0, 0, 1, 0
0.0250124, 0, 0, 1, 1, 0, 1, 1, 0
0.0250225, 0, 0, 1, 0, 0, 1, 1, 0
0.0250276, 0, 0, 1, 0, 0, 1, 0, 0
0.0250375, 0, 0, 0, 0, 0, 1, 0, 0
0.0250383, 0, 0, 0, 1, 0, 1, 0, 0
0.0250428, 0, 0, 0, 1, 0, 0, 0, 0
0.0250429, 0, 0, 0, 1, 0, 0, 1, 0
0.0250528, 0, 0, 0, 0, 0, 0, 1, 0
0.0250581, 0, 0, 0, 0, 0, 0, 0, 0
0.0250675, 0, 0, 1, 0, 0, 0, 0, 0
0.0250682, 0, 0, 1, 1, 0, 0, 0, 0
0.0250734, 0, 0, 1, 1, 0, 1, 1, 0
0.0250833, 0, 0, 1, 0, 0, 1, 1, 0
0.0250886, 0, 0, 1, 0, 0, 1, 0, 0
0.0250980, 0, 0, 0, 0, 0, 1, 0, 0
0.0250987, 0, 0, 0, 1, 0, 1, 0, 0
0.0251039, 0, 0, 0, 1, 0, 0, 1, 0
0.0251138, 0, 0, 0, 0, 0, 0, 1, 0
0.0251191, 0, 0, 0, 0, 0, 0, 0, 0
0.0251285, 0, 0, 1, 0, 0, 0, 0, 0
0.0251292, 0, 0, 1, 1, 0, 0, 0, 0
0.0251344, 0, 0, 1, 1, 0, 0, 1, 0
0.0251345, 0, 0, 1, 1, 0, 1, 1, 0
0.0251443, 0, 0, 1, 0, 0, 1, 1, 0
0.0251497, 0, 0, 1, 0, 0, 1, 0, 0
0.0251590, 0, 0, 0, 0, 0, 1, 0, 0
0.0251598, 0, 0, 0, 1, 0, 1, 0, 0
0.0251609, 0, 0, 0, 1, 1, 1, 0, 0
0.0251649, 0, 0, 0, 1, 1, 0, 0, 0
0.0251650, 0, 0, 0, 1, 1, 0, 1, 0
0.0251754, 0, 0, 0, 0, 1, 0, 1, 0
0.0251802, 0, 0, 0, 0, 1, 0, 0, 0
0.0251895, 0, 0, 1, 0, 1, 0, 0, 0
0.0251902, 0, 0, 1, 1, 1, 0, 0, 0
0.0251915, 0, 0, 1, 1, 0, 0, 0, 0
0.0251954, 0, 0, 1, 1, 0, 0, 1, 0
0.0251955, 0, 0, 1, 1, 0, 1, 1, 0
0.0252053, 0, 0, 1, 0, 0, 1, 1, 0
0.0252107, 0, 0, 1, 0, 0, 1, 0, 0
0.0252202, 0, 0, 0, 0, 0, 1, 0, 0
0.0252209, 0, 0, 0, 1, 0, 1, 0, 0
0.0252260, 0, 0, 0, 1, 0, 0, 1, 0
0.0252359, 0, 0, 0, 0, 0, 0, 1, 0
0.0252412, 0, 0, 0, 0, 0, 0, 0, 0
0.0252505, 0, 0, 1, 0, 0, 0, 0, 0
0.0252512, 0, 0, 1, 1, 0, 0, 0, 0
0.0252565, 0, 0, 1, 1, 0, 1, 1, 0
0.0252663, 0, 0, 1, 0, 0, 1, 1, 0
0.0252717, 0, 0, 1, 0, 0, 1, 0, 0
0.0252810, 0, 0, 0, 0, 0, 1, 0, 0
0.0252817, 0, 0, 0, 1, 0, 1, 0, 0
0.0252870, 0, 0, 0, 1, 0, 0, 1, 0
0.0252969, 0, 0, 0, 0, 0, 0, 1, 0
0.0253023, 0, 0, 0, 0, 0, 0, 0, 0
0.0253115, 0, 0, 1, 0, 0, 0, 0, 0
0.0253122, 0, 0, 1, 1, 0, 0, 0, 0
0.0253175, 0, 0, 1, 1, 0, 0, 1, 0
0.0253176, 0, 0, 1, 1, 0, 1, 1, 0
0.0253276, 0, 0, 1, 0, 0, 1, 1, 0
0.0253328, 0, 0, 1, 0, 0, 1, 0, 0
0.0253426, 0, 0, 0, 0, 0, 1, 0, 0
0.0253434, 0, 0, 0, 1, 0, 1, 0, 0
0.0253480, 0, 0, 0, 1, 0, 0, 0, 0
0.0253481, 0, 0, 0, 1, 0, 0, 1, 0
0.0253578, 0, 0, 0, 0, 0, 0, 1, 0
0.0253633, 0, 0, 0, 0, 0, 0, 0, 0
0.0253710, 0, 0, 0, 0, 0, 0, 0, 1
0.0253725, 0, 0, 1, 0, 0, 0, 0, 1
0.0253733, 0, 0, 1, 1, 0, 0, 0, 1
0.0253786, 0, 0, 1, 1, 0, 1, 1, 1
0.0253883, 0, 0, 1, 0, 0, 1, 1, 1
0.0253938, 0, 0, 1, 0, 0, 1, 0, 1
0.0254031, 0, 0, 0, 0, 0, 1, 0, 1
0.0254038, 0, 0, 0, 1, 0, 1, 0, 1
0.0254091, 0, 0, 0, 1, 0, 0, 1, 1
0.0254188, 0, 0, 0, 0, 0, 0, 1, 1
0.0254243, 0, 0, 0, 0, 0, 0, 0, 1
0.0254335, 0, 0, 1, 0, 0, 0, 0, 1
0.0254343, 0, 0, 1, 1, 0, 0, 0, 1
0.0254396, 0, 0, 1, 1, 0, 1, 1, 1
0.0254500, 0, 0, 1, 0, 0, 1, 1, 1
0.0254549, 0, 0, 1, 0, 0, 1, 0, 1
0.0254641, 0, 0, 0, 0, 0, 1, 0, 1
0.0254648, 0, 0, 0, 1, 0, 1, 0, 1
0.0254659, 0, 0, 0, 1, 1, 1, 0, 1
0.0254701, 0, 0, 0, 1, 1, 0, 0, 1
0.0254702, 0, 0, 0, 1, 1, 0, 1, 1
0.0254798, 0, 0, 0, 0, 1, 0, 1, 1
0.0254854, 0, 0, 0, 0, 1, 0, 0, 1
0.0254946, 0, 0, 1, 0, 1, 0, 0, 1
0.0254953, 0, 0, 1, 1, 1, 0, 0, 1
0.0255006, 0, 0, 1, 1, 1, 0, 1, 1
0.0255007, 0, 0, 1, 1, 1, 1, 1, 1
0.0255105, 0, 0, 1, 0, 1, 1, 1, 1
0.0255159, 0, 0, 1, 0, 1, 1, 0, 1
0.0255250, 0, 0, 0, 0, 1, 1, 0, 1
0.0255258, 0, 0, 0, 1, 1, 1, 0, 1
0.0255270, 0, 0, 0, 1, 0, 1, 0, 1
0.0255311, 0, 0, 0, 1, 0, 0, 0, 1
0.0255312, 0, 0, 0, 1, 0, 0, 1, 1
0.0255412, 0, 0, 0, 0, 0, 0, 1, 1
0.0255464, 0, 0, 0, 0, 0, 0, 0, 1
0.0255563, 0, 0, 1, 0, 0, 0, 0, 1
0.0255570, 0, 0, 1, 1, 0, 0, 0, 1
0.0255581, 0, 0, 1, 1, 1, 0, 0, 1
0.0255617, 0, 0, 1, 1, 1, 1, 1, 1
0.0255713, 0, 0, 1, 0, 1, 1, 1, 1
0.0255769, 0, 0, 1, 0, 1, 1, 0, 1
0.0255846, 0, 0, 1, 0, 1, 1, 0, 0
0.0255860, 0, 0, 0, 0, 1, 1, 0, 0
0.0255868, 0, 0, 0, 1, 1, 1, 0, 0
0.0255922, 0, 0, 0, 1, 1, 0, 1, 0
0.0256020, 0, 0, 0, 0, 1, 0, 1, 0
0.0256075, 0, 0, 0, 0, 1, 0, 0, 0
0.0256151, 0, 0, 0, 0, 1, 0, 0, 1
0.0256165, 0, 0, 1, 0, 1, 0, 0, 1
0.0256173, 0, 0, 1, 1, 1, 0, 0, 1
0.0256227, 0, 0, 1, 1, 1, 0, 1, 1
0.0256228, 0, 0, 1, 1, 1, 1, 1, 1
0.0256324, 0, 0, 1, 0, 1, 1, 1, 1
0.0256380, 0, 0, 1, 0, 1, 1, 0, 1
0.0256470, 0, 0, 0, 0, 1, 1, 0, 1
0.0256478, 0, 0, 0, 1, 1, 1, 0, 1
0.0256490, 0, 0, 0, 1, 0, 1, 0, 1
0.0256532, 0, 0, 0, 1, 0, 0, 0, 1
0.0256533, 0, 0, 0, 1, 0, 0, 1, 1
0.0256631, 0, 0, 0, 0, 0, 0, 1, 1
0.0256685, 0, 0, 0, 0, 0, 0, 0, 1
0.0256782, 0, 0, 1, 0, 0, 0, 0, 1
0.0256789, 0, 0, 1, 1, 0, 0, 0, 1
0.0256838, 0, 0, 1, 1, 0, 1, 1, 1
0.0256933, 0, 0, 1, 0, 0, 1, 1, 1
0.0256990, 0, 0, 1, 0, 0, 1, 0, 1
0.0257067, 0, 0, 1, 0, 0, 1, 0, 0
0.0257080, 0, 0, 0, 0, 0, 1, 0, 0
0.0257088, 0, 0, 0, 1, 0, 1, 0, 0
0.0257143, 0, 0, 0, 1, 0, 0, 1, 0
0.0257239, 0, 0, 0, 0, 0, 0, 1, 0
0.0257295, 0, 0, 0, 0, 0, 0, 0, 0
0.0257386, 0, 0, 1, 0, 0, 0, 0, 0
0.0257394, 0, 0, 1, 1, 0, 0, 0, 0
0.0257404, 0, 0, 1, 1, 1, 0, 0, 0
0.0257448, 0, 0, 1, 1, 1, 1, 1, 0
0.0257544, 0, 0, 1, 0, 1, 1, 1, 0
0.0257601, 0, 0, 1, 0, 1, 1, 0, 0
0.0257690, 0, 0, 0, 0, 1, 1, 0, 0
0.0257698, 0, 0, 0, 1, 1, 1, 0, 0
0.0257753, 0, 0, 0, 1, 1, 0, 0, 0
0.0257754, 0, 0, 0, 1, 1, 0, 1, 0
0.0257852, 0, 0, 0, 0, 1, 0, 1, 0
0.0257906, 0, 0, 0, 0, 1, 0, 0, 0
0.0257982, 0, 0, 0, 0, 1, 0, 0, 1
0.0258002, 0, 0, 1, 0, 1, 0, 0, 1
0.0258010, 0, 0, 1, 1, 1, 0, 0, 1
0.0258022, 0, 0, 1, 1, 0, 0, 0, 1
0.0258058, 0, 0, 1, 1, 0, 0, 1, 1
0.0258059, 0, 0, 1, 1, 0, 1, 1, 1
0.0258154, 0, 0, 1, 0, 0, 1, 1, 1
0.0258211, 0, 0, 1, 0, 0, 1, 0, 1
0.0258300, 0, 0, 0, 0, 0, 1, 0, 1
0.0258308, 0, 0, 0, 1, 0, 1, 0, 1
0.0258319, 0, 0, 0, 1, 1, 1, 0, 1
0.0258363, 0, 0, 0, 1, 1, 0, 0, 1
0.0258364, 0, 0, 0, 1, 1, 0, 1, 1
0.0258461, 0, 0, 0, 0, 1, 0, 1, 1
0.0258516, 0, 0, 0, 0, 1, 0, 0, 1
0.0258606, 0, 0, 1, 0, 1, 0, 0, 1
0.0258613, 0, 0, 1, 1, 1, 0, 0, 1
0.0258669, 0, 0, 1, 1, 1, 1, 1, 1
0.0258766, 0, 0, 1, 0, 1, 1, 1, 1
0.0258821, 0, 0, 1, 0, 1, 1, 0, 1
0.0258911, 0, 0, 0, 0, 1, 1, 0, 1
0.0258918, 0, 0, 0, 1, 1, 1, 0, 1
0.0258931, 0, 0, 0, 1, 0, 1, 0, 1
0.0258974, 0, 0, 0, 1, 0, 0, 1, 1
0.0259072, 0, 0, 0, 0, 0, 0, 1, 1
0.0259127, 0, 0, 0, 0, 0, 0, 0, 1
0.0259223, 0, 0, 1, 0, 0, 0, 0, 1
0.0259231, 0, 0, 1, 1, 0, 0, 0, 1
0.0259279, 0, 0, 1, 1, 0, 0, 1, 1
0.0259280, 0, 0, 1, 1, 0, 1, 1, 1
0.0259374, 0, 0, 1, 0, 0, 1, 1, 1
0.0259432, 0, 0, 1, 0, 0, 1, 0, 1
0.0259521, 0, 0, 0, 0, 0, 1, 0, 1
0.0259528, 0, 0, 0, 1, 0, 1, 0, 1
0.0259584, 0, 0, 0, 1, 0, 0, 0, 1
0.0259585, 0, 0, 0, 1, 0, 0, 1, 1
0.0259679, 0, 0, 0, 0, 0, 0, 1, 1
0.0259737, 0, 0, 0, 0, 0, 0, 0, 1
0.0259826, 0, 0, 1, 0, 0, 0, 0, 1
0.0259833, 0, 0, 1, 1, 0, 0, 0, 1
0.0259844, 0, 0, 1, 1, 1, 0, 0, 1
0.0259890, 0, 0, 1, 1, 1, 1, 1, 1
0.0259984, 0, 0, 1, 0, 1, 1, 1, 1
0.0260042, 0, 0, 1, 0, 1, 1, 0, 1
0.0260119, 0, 0, 1, 0, 1, 1, 0, 0
0.0260131, 0, 0, 0, 0, 1, 1, 0, 0
0.0260138, 0, 0, 0, 1, 1, 1, 0, 0
0.0260195, 0, 0, 0, 1, 1, 0, 1, 0
0.0260293, 0, 0, 0, 0, 1, 0, 1, 0
0.0260347, 0, 0, 0, 0, 1, 0, 0, 0
0.0260424, 0, 0, 0, 0, 1, 0, 0, 1
0.0260444, 0, 0, 1, 0, 1, 0, 0, 1
0.0260451, 0, 0, 1, 1, 1, 0, 0, 1
0.0260500, 0, 0, 1, 1, 1, 1, 1, 1
0.0260594, 0, 0, 1, 0, 1, 1, 1, 1
0.0260653, 0, 0, 1, 0, 1, 1, 0, 1
0.0260741, 0, 0, 0, 0, 1, 1, 0, 1
0.0260748, 0, 0, 0, 1, 1, 1, 0, 1
0.0260805, 0, 0, 0, 1, 1, 0, 0, 1
0.0260806, 0, 0, 0, 1, 1, 0, 1, 1
0.0260901, 0, 0, 0, 0, 1, 0, 1, 1
0.0260958, 0, 0, 0, 0, 1, 0, 0, 1
0.0261034, 0, 0, 0, 0, 1, 0, 0, 0
0.0261046, 0, 0, 1, 0, 1, 0, 0, 0
0.0261053, 0, 0, 1, 1, 1, 0, 0, 0
0.0261110, 0, 0, 1, 1, 1, 0, 1, 0
0.0261111, 0, 0, 1, 1, 1, 1, 1, 0
0.0261205, 0, 0, 1, 0, 1, 1, 1, 0
0.0261263, 0, 0, 1, 0, 1, 1, 0, 0
0.0261351, 0, 0, 0, 0, 1, 1, 0, 0
0.0261358, 0, 0, 0, 1, 1, 1, 0, 0
0.0261371, 0, 0, 0, 1, 0, 1, 0, 0
0.0261415, 0, 0, 0, 1, 0, 0, 0, 0
0.0261416, 0, 0, 0, 1, 0, 0, 1, 0
0.0261509, 0, 0, 0, 0, 0, 0, 1, 0
0.0261568, 0, 0, 0, 0, 0, 0, 0, 0
0.0261656, 0, 0, 1, 0, 0, 0, 0, 0
0.0261663, 0, 0, 1, 1, 0, 0, 0, 0
0.0261721, 0, 0, 1, 1, 0, 1, 1, 0
0.0261819, 0, 0, 1, 0, 0, 1, 1, 0
0.0261873, 0, 0, 1, 0, 0, 1, 0, 0
0.0261970, 0, 0, 0, 0, 0, 1, 0, 0
0.0261977, 0, 0, 0, 1, 0, 1, 0, 0
0.0262026, 0, 0, 0, 1, 0, 0, 1, 0
0.0262119, 0, 0, 0, 0, 0, 0, 1, 0
0.0262179, 0, 0, 0, 0, 0, 0, 0, 0
0.0262267, 0, 0, 1, 0, 0, 0, 0, 0
0.0262274, 0, 0, 1, 1, 0, 0, 0, 0
0.0262331, 0, 0, 1, 1, 0, 0, 1, 0
0.0262332, 0, 0, 1, 1, 0, 1, 1, 0
0.0262424, 0, 0, 1, 0, 0, 1, 1, 0
0.0262484, 0, 0, 1, 0, 0, 1, 0, 0
0.0262571, 0, 0, 0, 0, 0, 1, 0, 0
0.0262578, 0, 0, 0, 1, 0, 1, 0, 0
0.0262636, 0, 0, 0, 1, 0, 0, 0, 0
0.0262637, 0, 0, 0, 1, 0, 0, 1, 0
0.0262729, 0, 0, 0, 0, 0, 0, 1, 0
0.0262789, 0, 0, 0, 0, 0, 0, 0, 0
0.0262878, 0, 0, 1, 0, 0, 0, 0, 0
0.0262885, 0, 0, 1, 1, 0, 0, 0, 0
0.0262942, 0, 0, 1, 1, 0, 1, 1, 0
0.0263034, 0, 0, 1, 0, 0, 1, 1, 0
0.0263094, 0, 0, 1, 0, 0, 1, 0, 0
0.0263181, 0, 0, 0, 0, 0, 1, 0, 0
0.0263189, 0, 0, 0, 1, 0, 1, 0, 0
0.0263247, 0, 0, 0, 1, 0, 0, 1, 0
0.0263340, 0, 0, 0, 0, 0, 0, 1, 0
0.0263399, 0, 0, 0, 0, 0, 0, 0, 0
0.0263491, 0, 0, 1, 0, 0, 0, 0, 0
0.0263499, 0, 0, 1, 1, 0, 0, 0, 0
0.0263552, 0, 0, 1, 1, 0, 1, 1, 0
0.0263644, 0, 0, 1, 0, 0, 1, 1, 0
0.0263704, 0, 0, 1, 0, 0, 1, 0, 0
0.0263791, 0, 0, 0, 0, 0, 1, 0, 0
0.0263799, 0, 0, 0, 1, 0, 1, 0, 0
0.0263857, 0, 0, 0, 1, 0, 0, 0, 0
0.0263858, 0, 0, 0, 1, 0, 0, 1, 0
0.0263952, 0, 0, 0, 0, 0, 0, 1, 0
0.0264010, 0, 0, 0, 0, 0, 0, 0, 0
0.0264096, 0, 0, 1, 0, 0, 0, 0, 0
0.0264104, 0, 0, 1, 1, 0, 0, 0, 0
0.0264162, 0, 0, 1, 1, 0, 0, 1, 0
0.0264163, 0, 0, 1, 1, 0, 1, 1, 0
0.0264255, 0, 0, 1, 0, 0, 1, 1, 0
0.0264315, 0, 0, 1, 0, 0, 1, 0, 0
0.0264401, 0, 0, 0, 0, 0, 1, 0, 0
0.0264409, 0, 0, 0, 1, 0, 1, 0, 0
0.0264419, 0, 0, 0, 1, 1, 1, 0, 0
0.0264467, 0, 0, 0, 1, 1, 0, 0, 0
0.0264468, 0, 0, 0, 1, 1, 0, 1, 0
0.0264563, 0, 0, 0, 0, 1, 0, 1, 0
0.0264620, 0, 0, 0, 0, 1, 0, 0, 0
0.0264714, 0, 0, 1, 0, 1, 0, 0, 0
0.0264721, 0, 0, 1, 1, 1, 0, 0, 0
0.0264734, 0, 0, 1, 1, 0, 0, 0, 0
0.0264773, 0, 0, 1, 1, 0, 1, 1, 0
0.0264864, 0, 0, 1, 0, 0, 1, 1, 0
0.0264925, 0, 0, 1, 0, 0, 1, 0, 0
0.0265011, 0, 0, 0, 0, 0, 1, 0, 0
0.0265019, 0, 0, 0, 1, 0, 1, 0, 0
0.0265078, 0, 0, 0, 1, 0, 0, 1, 0
0.0265169, 0, 0, 0, 0, 0, 0, 1, 0
0.0265230, 0, 0, 0, 0, 0, 0, 0, 0
0.0265316, 0, 0, 1, 0, 0, 0, 0, 0
0.0265324, 0, 0, 1, 1, 0, 0, 0, 0
0.0265383, 0, 0, 1, 1, 0, 0, 1, 0
0.0265384, 0, 0, 1, 1, 0, 1, 1, 0
0.0265479, 0, 0, 1, 0, 0, 1, 1, 0
0.0265536, 0, 0, 1, 0, 0, 1, 0, 0
0.0265629, 0, 0, 0, 0, 0, 1, 0, 0
0.0265637, 0, 0, 0, 1, 0, 1, 0, 0
0.0265688, 0, 0, 0, 1, 0, 0, 0, 0
0.0265689, 0, 0, 0, 1, 0, 0, 1, 0
0.0265779, 0, 0, 0, 0, 0, 0, 1, 0
0.0265841, 0, 0, 0, 0, 0, 0, 0, 0
0.0265926, 0, 0, 1, 0, 0, 0, 0, 0
0.0265934, 0, 0, 1, 1, 0, 0, 0, 0
0.0265944, 0, 0, 1, 1, 1, 0, 0, 0
0.0265993, 0, 0, 1, 1, 1, 0, 1, 0
0.0265994, 0, 0, 1, 1, 1, 1, 1, 0
0.0266084, 0, 0, 1, 0, 1, 1, 1, 0
0.0266146, 0, 0, 1, 0, 1, 1, 0, 0
0.0266232, 0, 0, 0, 0, 1, 1, 0, 0
0.0266239, 0, 0, 0, 1, 1, 1, 0, 0
0.0266252, 0, 0, 0, 1, 0, 1, 0, 0
0.0266299, 0, 0, 0, 1, 0, 0, 1, 0
0.0266389, 0, 0, 0, 0, 0, 0, 1, 0
0.0266451, 0, 0, 0, 0, 0, 0, 0, 0
0.0266536, 0, 0, 1, 0, 0, 0, 0, 0
0.0266544, 0, 0, 1, 1, 0, 0, 0, 0
0.0266604, 0, 0, 1, 1, 0, 1, 1, 0
0.0266701, 0, 0, 1, 0, 0, 1, 1, 0
0.0266756, 0, 0, 1, 0, 0, 1, 0, 0
0.0266842, 0, 0, 0, 0, 0, 1, 0, 0
0.0266850, 0, 0, 0, 1, 0, 1, 0, 0
0.0266909, 0, 0, 0, 1, 0, 0, 0, 0
0.0266910, 0, 0, 0, 1, 0, 0, 1, 0
0.0267000, 0, 0, 0, 0, 0, 0, 1, 0
0.0267062, 0, 0, 0, 0, 0, 0, 0, 0
0.0267149, 0, 0, 1, 0, 0, 0, 0, 0
0.0267156, 0, 0, 1, 1, 0, 0, 0, 0
0.0267167, 0, 0, 1, 1, 1, 0, 0, 0
0.0267214, 0, 0, 1, 1, 1, 0, 1, 0
0.0267215, 0, 0, 1, 1, 1, 1, 1, 0
0.0267305, 0, 0, 1, 0, 1, 1, 1, 0
0.0267367, 0, 0, 1, 0, 1, 1, 0, 0
0.0267451, 0, 0, 0, 0, 1, 1, 0, 0
0.0267459, 0, 0, 0, 1, 1, 1, 0, 0
0.0267471, 0, 0, 0, 1, 0, 1, 0, 0
0.0267519, 0, 0, 0, 1, 0, 0, 0, 0
0.0267520, 0, 0, 0, 1, 0, 0, 1, 0
0.0267610, 0, 0, 0, 0, 0, 0, 1, 0
0.0267672, 0, 0, 0, 0, 0, 0, 0, 0
0.0267758, 0, 0, 1, 0, 0, 0, 0, 0
0.0267766, 0, 0, 1, 1, 0, 0, 0, 0
0.0267776, 0, 0, 1, 1, 1, 0, 0, 0
0.0267825, 0, 0, 1, 1, 1, 1, 1, 0
0.0267922, 0, 0, 1, 0, 1, 1, 1, 0
0.0267977, 0, 0, 1, 0, 1, 1, 0, 0
0.0268063, 0, 0, 0, 0, 1, 1, 0, 0
0.0268070, 0, 0, 0, 1, 1, 1, 0, 0
0.0268130, 0, 0, 0, 1, 1, 0, 1, 0
0.0268220, 0, 0, 0, 0, 1, 0, 1, 0
0.0268282, 0, 0, 0, 0, 1, 0, 0, 0
0.0268368, 0, 0, 1, 0, 1, 0, 0, 0
0.0268375, 0, 0, 1, 1, 1, 0, 0, 0
0.0268388, 0, 0, 1, 1, 0, 0, 0, 0
0.0268435, 0, 0, 1, 1, 0, 0, 1, 0
0.0268436, 0, 0, 1, 1, 0, 1, 1, 0
0.0268525, 0, 0, 1, 0, 0, 1, 1, 0
0.0268588, 0, 0, 1, 0, 0, 1, 0, 0
0.0268672, 0, 0, 0, 0, 0, 1, 0, 0
0.0268679, 0, 0, 0, 1, 0, 1, 0, 0
0.0268740, 0, 0, 0, 1, 0, 0, 0, 0
0.0268741, 0, 0, 0, 1, 0, 0, 1, 0
0.0268830, 0, 0, 0, 0, 0, 0, 1, 0
0.0268893, 0, 0, 0, 0, 0, 0, 0, 0
0.0268979, 0, 0, 1, 0, 0, 0, 0, 0
0.0268987, 0, 0, 1, 1, 0, 0, 0, 0
0.0269045, 0, 0, 1, 1, 0, 0, 1, 0
0.0269046, 0, 0, 1, 1, 0, 1, 1, 0
0.0269135, 0, 0, 1, 0, 0, 1, 1, 0
0.0269198, 0, 0, 1, 0, 0, 1, 0, 0
0.0269282, 0, 0, 0, 0, 0, 1, 0, 0
0.0269290, 0, 0, 0, 1, 0, 1, 0, 0
0.0269351, 0, 0, 0, 1, 0, 0, 1, 0
0.0269442, 0, 0, 0, 0, 0, 0, 1, 0
0.0269503, 0, 0, 0, 0, 0, 0, 0, 0
0.0269592, 0, 0, 1, 0, 0, 0, 0, 0
0.0269600, 0, 0, 1, 1, 0, 0, 0, 0
0.0269610, 0, 0, 1, 1, 1, 0, 0, 0
0.0269656, 0, 0, 1, 1, 1, 1, 1, 0
0.0269745, 0, 0, 1, 0, 1, 1, 1, 0
0.0269808, 0, 0, 1, 0, 1, 1, 0, 0
0.0269892, 0, 0, 0, 0, 1, 1, 0, 0
0.0269899, 0, 0, 0, 1, 1, 1, 0, 0
0.0269912, 0, 0, 0, 1, 0, 1, 0, 0
0.0269961, 0, 0, 0, 1, 0, 0, 0, 0
0.0269962, 0, 0, 0, 1, 0, 0, 1, 0
0.0270051, 0, 0, 0, 0, 0, 0, 1, 0
0.0270114, 0, 0, 0, 0, 0, 0, 0, 0
0.0270197, 0, 0, 1, 0, 0, 0, 0, 0
0.0270204, 0, 0, 1, 1, 0, 0, 0, 0
0.0270215, 0, 0, 1, 1, 1, 0, 0, 0
0.0270266, 0, 0, 1, 1, 1, 0, 1, 0
0.0270267, 0, 0, 1, 1, 1, 1, 1, 0
0.0270356, 0, 0, 1, 0, 1, 1, 1, 0
0.0270419, 0, 0, 1, 0, 1, 1, 0, 0
0.0270502, 0, 0, 0, 0, 1, 1, 0, 0
0.0270509, 0, 0, 0, 1, 1, 1, 0, 0
0.0270571, 0, 0, 0, 1, 1, 0, 0, 0
0.0270572, 0, 0, 0, 1, 1, 0, 1, 0
0.0270661, 0, 0, 0, 0, 1, 0, 1, 0
0.0270724, 0, 0, 0, 0, 1, 0, 0, 0
0.0270801, 0, 0, 0, 0, 1, 0, 0, 1
0.0270811, 0, 0, 1, 0, 1, 0, 0, 1
0.0270819, 0, 0, 1, 1, 1, 0, 0, 1
0.0270877, 0, 0, 1, 1, 1, 1, 1, 1
0.0270965, 0, 0, 1, 0, 1, 1, 1, 1
0.0271029, 0, 0, 1, 0, 1, 1, 0, 1
0.0271112, 0, 0, 0, 0, 1, 1, 0, 1
0.0271119, 0, 0, 0, 1, 1, 1, 0, 1
0.0271132, 0, 0, 0, 1, 0, 1, 0, 1
0.0271182, 0, 0, 0, 1, 0, 0, 1, 1
0.0271270, 0, 0, 0, 0, 0, 0, 1, 1
0.0271334, 0, 0, 0, 0, 0, 0, 0, 1
0.0271417, 0, 0, 1, 0, 0, 0, 0, 1
0.0271424, 0, 0, 1, 1, 0, 0, 0, 1
0.0271487, 0, 0, 1, 1, 0, 0, 1, 1
0.0271488, 0, 0, 1, 1, 0, 1, 1, 1
0.0271577, 0, 0, 1, 0, 0, 1, 1, 1
0.0271640, 0, 0, 1, 0, 0, 1, 0, 1
0.0271722, 0, 0, 0, 0, 0, 1, 0, 1
0.0271729, 0, 0, 0, 1, 0, 1, 0, 1
0.0271792, 0, 0, 0, 1, 0, 0, 0, 1
0.0271793, 0, 0, 0, 1, 0, 0, 1, 1
0.0271880, 0, 0, 0, 0, 0, 0, 1, 1
0.0271945, 0, 0, 0, 0, 0, 0, 0, 1
0.0272027, 0, 0, 1, 0, 0, 0, 0, 1
0.0272034, 0, 0, 1, 1, 0, 0, 0, 1
0.0272097, 0, 0, 1, 1, 0, 0, 1, 1
0.0272098, 0, 0, 1, 1, 0, 1, 1, 1
0.0272190, 0, 0, 1, 0, 0, 1, 1, 1
0.0272250, 0, 0, 1, 0, 0, 1, 0, 1
0.0272341, 0, 0, 0, 0, 0, 1, 0, 1
0.0272348, 0, 0, 0, 1, 0, 1, 0, 1
0.0272359, 0, 0, 0, 1, 1, 1, 0, 1
0.0272403, 0, 0, 0, 1, 1, 0, 1, 1
0.0272490, 0, 0, 0, 0, 1, 0, 1, 1
0.0272555, 0, 0, 0, 0, 1, 0, 0, 1
0.0272637, 0, 0, 1, 0, 1, 0, 0, 1
0.0272644, 0, 0, 1, 1, 1, 0, 0, 1
0.0272657, 0, 0, 1, 1, 0, 0, 0, 1
0.0272708, 0, 0, 1, 1, 0, 1, 1, 1
0.0272795, 0, 0, 1, 0, 0, 1, 1, 1
0.0272860, 0, 0, 1, 0, 0, 1, 0, 1
0.0272937, 0, 0, 1, 0, 0, 1, 0, 0
0.0272942, 0, 0, 0, 0, 0, 1, 0, 0
0.0272950, 0, 0, 0, 1, 0, 1, 0, 0
0.0273013, 0, 0, 0, 1, 0, 0, 1, 0
0.0273100, 0, 0, 0, 0, 0, 0, 1, 0
0.0273166, 0, 0, 0, 0, 0, 0, 0, 0
0.0273242, 0, 0, 0, 0, 0, 0, 0, 1
0.0273247, 0, 0, 1, 0, 0, 0, 0, 1
0.0273255, 0, 0, 1, 1, 0, 0, 0, 1
0.0273318, 0, 0, 1, 1, 0, 0, 1, 1
0.0273319, 0, 0, 1, 1, 0, 1, 1, 1
0.0273413, 0, 0, 1, 0, 0, 1, 1, 1
0.0273471, 0, 0, 1, 0, 0, 1, 0, 1
0.0273553, 0, 0, 0, 0, 0, 1, 0, 1
0.0273561, 0, 0, 0, 1, 0, 1, 0, 1
0.0273623, 0, 0, 0, 1, 0, 0, 0, 1
0.0273624, 0, 0, 0, 1, 0, 0, 1, 1
0.0273710, 0, 0, 0, 0, 0, 0, 1, 1
0.0273776, 0, 0, 0, 0, 0, 0, 0, 1
0.0273860, 0, 0, 1, 0, 0, 0, 0, 1
0.0273868, 0, 0, 1, 1, 0, 0, 0, 1
0.0273929, 0, 0, 1, 1, 0, 1, 1, 1
0.0274015, 0, 0, 1, 0, 0, 1, 1, 1
0.0274081, 0, 0, 1, 0, 0, 1, 0, 1
0.0274162, 0, 0, 0, 0, 0, 1, 0, 1
0.0274170, 0, 0, 0, 1, 0, 1, 0, 1
0.0274234, 0, 0, 0, 1, 0, 0, 1, 1
0.0274321, 0, 0, 0, 0, 0, 0, 1, 1
0.0274386, 0, 0, 0, 0, 0, 0, 0, 1
0.0274467, 0, 0, 1, 0, 0, 0, 0, 1
0.0274475, 0, 0, 1, 1, 0, 0, 0, 1
0.0274539, 0, 0, 1, 1, 0, 1, 1, 1
0.0274627, 0, 0, 1, 0, 0, 1, 1, 1
0.0274692, 0, 0, 1, 0, 0, 1, 0, 1
0.0274772, 0, 0, 0, 0, 0, 1, 0, 1
0.0274780, 0, 0, 0, 1, 0, 1, 0, 1
0.0274844, 0, 0, 0, 1, 0, 0, 0, 1
0.0274845, 0, 0, 0, 1, 0, 0, 1, 1
0.0274934, 0, 0, 0, 0, 0, 0, 1, 1
0.0274997, 0, 0, 0, 0, 0, 0, 0, 1
0.0275085, 0, 0, 1, 0, 0, 0, 0, 1
0.0275092, 0, 0, 1, 1, 0, 0, 0, 1
0.0275149, 0, 0, 1, 1, 0, 0, 1, 1
0.0275150, 0, 0, 1, 1, 0, 1, 1, 1
0.0275235, 0, 0, 1, 0, 0, 1, 1, 1
0.0275302, 0, 0, 1, 0, 0, 1, 0, 1
0.0275382, 0, 0, 0, 0, 0, 1, 0, 1
0.0275390, 0, 0, 0, 1, 0, 1, 0, 1
0.0275454, 0, 0, 0, 1, 0, 0, 0, 1
0.0275455, 0, 0, 0, 1, 0, 0, 1, 1
0.0275543, 0, 0, 0, 0, 0, 0, 1, 1
0.0275607, 0, 0, 0, 0, 0, 0, 0, 1
0.0275687, 0, 0, 1, 0, 0, 0, 0, 1
0.0275695, 0, 0, 1, 1, 0, 0, 0, 1
0.0275705, 0, 0, 1, 1, 1, 0, 0, 1
0.0275760, 0, 0, 1, 1, 1, 1, 1, 1
0.0275848, 0, 0, 1, 0, 1, 1, 1, 1
0.0275912, 0, 0, 1, 0, 1, 1, 0, 1
0.0275989, 0, 0, 1, 0, 1, 1, 0, 0
0.0275999, 0, 0, 0, 0, 1, 1, 0, 0
0.0276006, 0, 0, 0, 1, 1, 1, 0, 0
0.0276019, 0, 0, 0, 1, 0, 1, 0, 0
0.0276065, 0, 0, 0, 1, 0, 0, 1, 0
0.0276151, 0, 0, 0, 0, 0, 0, 1, 0
0.0276218, 0, 0, 0, 0, 0, 0, 0, 0
0.0276294, 0, 0, 0, 0, 0, 0, 0, 1
0.0276297, 0, 0, 1, 0, 0, 0, 0, 1
0.0276305, 0, 0, 1, 1, 0, 0, 0, 1
0.0276370, 0, 0, 1, 1, 0, 0, 1, 1
0.0276371, 0, 0, 1, 1, 0, 1, 1, 1
0.0276456, 0, 0, 1, 0, 0, 1, 1, 1
0.0276523, 0, 0, 1, 0, 0, 1, 0, 1
0.0276603, 0, 0, 0, 0, 0, 1, 0, 1
0.0276611, 0, 0, 0, 1, 0, 1, 0, 1
0.0276675, 0, 0, 0, 1, 0, 0, 0, 1
0.0276676, 0, 0, 0, 1, 0, 0, 1, 1
0.0276761, 0, 0, 0, 0, 0, 0, 1, 1
0.0276828, 0, 0, 0, 0, 0, 0, 0, 1
0.0276907, 0, 0, 1, 0, 0, 0, 0, 1
0.0276915, 0, 0, 1, 1, 0, 0, 0, 1
0.0276981, 0, 0, 1, 1, 0, 1, 1, 1
0.0277072, 0, 0, 1, 0, 0, 1, 1, 1
0.0277133, 0, 0, 1, 0, 0, 1, 0, 1
0.0277213, 0, 0, 0, 0, 0, 1, 0, 1
0.0277221, 0, 0, 0, 1, 0, 1, 0, 1
0.0277286, 0, 0, 0, 1, 0, 0, 1, 1
0.0277371, 0, 0, 0, 0, 0, 0, 1, 1
0.0277438, 0, 0, 0, 0, 0, 0, 0, 1
0.0277515, 0, 0, 0, 0, 0, 0, 0, 0
0.0277520, 0, 0, 1, 0, 0, 0, 0, 0
0.0277528, 0, 0, 1, 1, 0, 0, 0, 0
0.0277591, 0, 0, 1, 1, 0, 1, 1, 0
0.0277676, 0, 0, 1, 0, 0, 1, 1, 0
0.0277744, 0, 0, 1, 0, 0, 1, 0, 0
0.0277820, 0, 0, 1, 0, 0, 1, 0, 1
0.0277823, 0, 0, 0, 0, 0, 1, 0, 1
0.0277830, 0, 0, 0, 1, 0, 1, 0, 1
0.0277896, 0, 0, 0, 1, 0, 0, 0, 1
0.0277897, 0, 0, 0, 1, 0, 0, 1, 1
0.0277981, 0, 0, 0, 0, 0, 0, 1, 1
0.0278049, 0, 0, 0, 0, 0, 0, 0, 1
0.0278128, 0, 0, 1, 0, 0, 0, 0, 1
0.0278135, 0, 0, 1, 1, 0, 0, 0, 1
0.0278201, 0, 0, 1, 1, 0, 0, 1, 1
0.0278202, 0, 0, 1, 1, 0, 1, 1, 1
0.0278287, 0, 0, 1, 0, 0, 1, 1, 1
0.0278354, 0, 0, 1, 0, 0, 1, 0, 1
0.0278433, 0, 0, 0, 0, 0, 1, 0, 1
0.0278440, 0, 0, 0, 1, 0, 1, 0, 1
0.0278506, 0, 0, 0, 1, 0, 0, 0, 1
0.0278507, 0, 0, 0, 1, 0, 0, 1, 1
0.0278594, 0, 0, 0, 0, 0, 0, 1, 1
0.0278659, 0, 0, 0, 0, 0, 0, 0, 1
0.0278745, 0, 0, 1, 0, 0, 0, 0, 1
0.0278752, 0, 0, 1, 1, 0, 0, 0, 1
0.0278812, 0, 0, 1, 1, 0, 1, 1, 1
0.0278896, 0, 0, 1, 0, 0, 1, 1, 1
0.0278964, 0, 0, 1, 0, 0, 1, 0, 1
0.0279043, 0, 0, 0, 0, 0, 1, 0, 1
0.0279050, 0, 0, 0, 1, 0, 1, 0, 1
0.0279117, 0, 0, 0, 1, 0, 0, 1, 1
0.0279201, 0, 0, 0, 0, 0, 0, 1, 1
0.0279270, 0, 0, 0, 0, 0, 0, 0, 1
0.0279348, 0, 0, 1, 0, 0, 0, 0, 1
0.0279355, 0, 0, 1, 1, 0, 0, 0, 1
0.0279422, 0, 0, 1, 1, 0, 0, 1, 1
0.0279423, 0, 0, 1, 1, 0, 1, 1, 1
0.0279506, 0, 0, 1, 0, 0, 1, 1, 1
0.0279575, 0, 0, 1, 0, 0, 1, 0, 1
0.0279651, 0, 0, 1, 0, 0, 1, 0, 0
0.0279653, 0, 0, 0, 0, 0, 1, 0, 0
0.0279660, 0, 0, 0, 1, 0, 1, 0, 0
0.0279727, 0, 0, 0, 1, 0, 0, 0, 0
0.0279728, 0, 0, 0, 1, 0, 0, 1, 0
0.0279818, 0, 0, 0, 0, 0, 0, 1, 0
0.0279880, 0, 0, 0, 0, 0, 0, 0, 0
0.0279957, 0, 0, 0, 0, 0, 0, 0, 1
0.0279959, 0, 0, 1, 0, 0, 0, 0, 1
0.0279967, 0, 0, 1, 1, 0, 0, 0, 1
0.0280033, 0, 0, 1, 1, 0, 1, 1, 1
0.0280116, 0, 0, 1, 0, 0, 1, 1, 1
0.0280185, 0, 0, 1, 0, 0, 1, 0, 1
0.0280266, 0, 0, 0, 0, 0, 1, 0, 1
0.0280273, 0, 0, 0, 1, 0, 1, 0, 1
0.0280338, 0, 0, 0, 1, 0, 0, 1, 1
0.0280421, 0, 0, 0, 0, 0, 0, 1, 1
0.0280490, 0, 0, 0, 0, 0, 0, 0, 1
0.0280567, 0, 0, 0, 0, 0, 0, 0, 0
0.0280568, 0, 0, 1, 0, 0, 0, 0, 0
0.0280575, 0, 0, 1, 1, 0, 0, 0, 0
0.0280643, 0, 0, 1, 1, 0, 1, 1, 0
0.0280727, 0, 0, 1, 0, 0, 1, 1, 0
0.0280796, 0, 0, 1, 0, 0, 1, 0, 0
0.0280873, 0, 0, 0, 0, 0, 1, 0, 0
0.0280880, 0, 0, 0, 1, 0, 1, 0, 0
0.0280948, 0, 0, 0, 1, 0, 0, 0, 0
0.0280949, 0, 0, 0, 1, 0, 0, 1, 0
0.0281033, 0, 0, 0, 0, 0, 0, 1, 0
0.0281101, 0, 0, 0, 0, 0, 0, 0, 0
0.0281178, 0, 0, 1, 0, 0, 0, 0, 0
0.0281185, 0, 0, 1, 1, 0, 0, 0, 0
0.0281253, 0, 0, 1, 1, 0, 0, 1, 0
0.0281254, 0, 0, 1, 1, 0, 1, 1, 0
0.0281337, 0, 0, 1, 0, 0, 1, 1, 0
0.0281406, 0, 0, 1, 0, 0, 1, 0, 0
0.0281483, 0, 0, 0, 0, 0, 1, 0, 0
0.0281490, 0, 0, 0, 1, 0, 1, 0, 0
0.0281558, 0, 0, 0, 1, 0, 0, 0, 0
0.0281559, 0, 0, 0, 1, 0, 0, 1, 0
0.0281647, 0, 0, 0, 0, 0, 0, 1, 0
0.0281711, 0, 0, 0, 0, 0, 0, 0, 0
0.0281788, 0, 0, 1, 0, 0, 0, 0, 0
0.0281795, 0, 0, 1, 1, 0, 0, 0, 0
0.0281864, 0, 0, 1, 1, 0, 1, 1, 0
0.0281946, 0, 0, 1, 0, 0, 1, 1, 0
0.0282016, 0, 0, 1, 0, 0, 1, 0, 0
0.0282094, 0, 0, 0, 0, 0, 1, 0, 0
0.0282102, 0, 0, 0, 1, 0, 1, 0, 0
0.0282169, 0, 0, 0, 1, 0, 0, 1, 0
0.0282251, 0, 0, 0, 0, 0, 0, 1, 0
0.0282322, 0, 0, 0, 0, 0, 0, 0, 0
0.0282398, 0, 0, 1, 0, 0, 0, 0, 0
0.0282406, 0, 0, 1, 1, 0, 0, 0, 0
0.0282474, 0, 0, 1, 1, 0, 0, 1, 0
0.0282475, 0, 0, 1, 1, 0, 1, 1, 0
0.0282556, 0, 0, 1, 0, 0, 1, 1, 0
0.0282627, 0, 0, 1, 0, 0, 1, 0, 0
0.0282706, 0, 0, 0, 0, 0, 1, 0, 0
0.0282713, 0, 0, 0, 1, 0, 1, 0, 0
0.0282779, 0, 0, 0, 1, 0, 0, 0, 0
0.0282780, 0, 0, 0, 1, 0, 0, 1, 0
0.0282861, 0, 0, 0, 0, 0, 0, 1, 0
0.0282932, 0, 0, 0, 0, 0, 0, 0, 0
0.0283009, 0, 0, 1, 0, 0, 0, 0, 0
0.0283016, 0, 0, 1, 1, 0, 0, 0, 0
0.0283085, 0, 0, 1, 1, 0, 1, 1, 0
0.0283168, 0, 0, 1, 0, 0, 1, 1, 0
0.0283237, 0, 0, 1, 0, 0, 1, 0, 0
0.0283319, 0, 0, 0, 0, 0, 1, 0, 0
0.0283326, 0, 0, 0, 1, 0, 1, 0, 0
0.0283390, 0, 0, 0, 1, 0, 0, 1, 0
0.0283471, 0, 0, 0, 0, 0, 0, 1, 0
0.0283542, 0, 0, 0, 0, 0, 0, 0, 0
0.0283618, 0, 0, 1, 0, 0, 0, 0, 0
0.0283626, 0, 0, 1, 1, 0, 0, 0, 0
0.0283695, 0, 0, 1, 1, 0, 1, 1, 0
0.0283776, 0, 0, 1, 0, 0, 1, 1, 0
0.0283847, 0, 0, 1, 0, 0, 1, 0, 0
0.0283923, 0, 0, 0, 0, 0, 1, 0, 0
0.0283931, 0, 0, 0, 1, 0, 1, 0, 0
0.0284000, 0, 0, 0, 1, 0, 0, 0, 0
0.0284001, 0, 0, 0, 1, 0, 0, 1, 0
0.0284081, 0, 0, 0, 0, 0, 0, 1, 0
0.0284153, 0, 0, 0, 0, 0, 0, 0, 0
0.0284228, 0, 0, 1, 0, 0, 0, 0, 0
0.0284236, 0, 0, 1, 1, 0, 0, 0, 0
0.0284305, 0, 0, 1, 1, 0, 0, 1, 0
0.0284306, 0, 0, 1, 1, 0, 1, 1, 0
0.0284393, 0, 0, 1, 0, 0, 1, 1, 0
0.0284458, 0, 0, 1, 0, 0, 1, 0, 0
0.0284533, 0, 0, 0, 0, 0, 1, 0, 0
0.0284541, 0, 0, 0, 1, 0, 1, 0, 0
0.0284610, 0, 0, 0, 1, 0, 0, 0, 0
0.0284611, 0, 0, 0, 1, 0, 0, 1, 0
0.0284691, 0, 0, 0, 0, 0, 0, 1, 0
0.0284763, 0, 0, 0, 0, 0, 0, 0, 0
0.0284840, 0, 0, 1, 0, 0, 0, 0, 0
0.0284848, 0, 0, 1, 1, 0, 0, 0, 0
0.0284916, 0, 0, 1, 1, 0, 1, 1, 0
0.0284997, 0, 0, 1, 0, 0, 1, 1, 0
0.0285068, 0, 0, 1, 0, 0, 1, 0, 0
0.0285143, 0, 0, 0, 0, 0, 1, 0, 0
0.0285151, 0, 0, 0, 1, 0, 1, 0, 0
0.0285221, 0, 0, 0, 1, 0, 0, 1, 0
0.0285301, 0, 0, 0, 0, 0, 0, 1, 0
0.0285373, 0, 0, 0, 0, 0, 0, 0, 0
0.0285448, 0, 0, 1, 0, 0, 0, 0, 0
0.0285456, 0, 0, 1, 1, 0, 0, 0, 0
0.0285526, 0, 0, 1, 1, 0, 0, 1, 0
0.0285527, 0, 0, 1, 1, 0, 1, 1, 0
0.0285607, 0, 0, 1, 0, 0, 1, 1, 0
0.0285679, 0, 0, 1, 0, 0, 1, 0, 0
0.0285760, 0, 0, 0, 0, 0, 1, 0, 0
0.0285767, 0, 0, 0, 1, 0, 1, 0, 0
0.0285831, 0, 0, 0, 1, 0, 0, 0, 0
0.0285832, 0, 0, 0, 1, 0, 0, 1, 0
0.0285912, 0, 0, 0, 0, 0, 0, 1, 0
0.0285984, 0, 0, 0, 0, 0, 0, 0, 0
0.0286058, 0, 0, 1, 0, 0, 0, 0, 0
0.0286066, 0, 0, 1, 1, 0, 0, 0, 0
0.0286136, 0, 0, 1, 1, 0, 0, 1, 0
0.0286137, 0, 0, 1, 1, 0, 1, 1, 0
0.0286217, 0, 0, 1, 0, 0, 1, 1, 0
0.0286289, 0, 0, 1, 0, 0, 1, 0, 0
0.0286363, 0, 0, 0, 0, 0, 1, 0, 0
0.0286371, 0, 0, 0, 1, 0, 1, 0, 0
0.0286442, 0, 0, 0, 1, 0, 0, 1, 0
0.0286522, 0, 0, 0, 0, 0, 0, 1, 0
0.0286594, 0, 0, 0, 0, 0, 0, 0, 0
0.0286668, 0, 0, 1, 0, 0, 0, 0, 0
0.0286676, 0, 0, 1, 1, 0, 0, 0, 0
0.0286747, 0, 0, 1, 1, 0, 1, 1, 0
0.0286833, 0, 0, 1, 0, 0, 1, 1, 0
0.0286899, 0, 0, 1, 0, 0, 1, 0, 0
0.0286974, 0, 0, 0, 0, 0, 1, 0, 0
0.0286981, 0, 0, 0, 1, 0, 1, 0, 0
0.0287052, 0, 0, 0, 1, 0, 0, 0, 0
0.0287053, 0, 0, 0, 1, 0, 0, 1, 0
0.0287132, 0, 0, 0, 0, 0, 0, 1, 0
0.0287205, 0, 0, 0, 0, 0, 0, 0, 0
0.0287280, 0, 0, 1, 0, 0, 0, 0, 0
0.0287288, 0, 0, 1, 1, 0, 0, 0, 0
0.0287357, 0, 0, 1, 1, 0, 0, 1, 0
0.0287358, 0, 0, 1, 1, 0, 1, 1, 0
0.0287437, 0, 0, 1, 0, 0, 1, 1, 0
0.0287510, 0, 0, 1, 0, 0, 1, 0, 0
0.0287584, 0, 0, 0, 0, 0, 1, 0, 0
0.0287591, 0, 0, 0, 1, 0, 1, 0, 0
0.0287662, 0, 0, 0, 1, 0, 0, 0, 0
0.0287663, 0, 0, 0, 1, 0, 0, 1, 0
0.0287742, 0, 0, 0, 0, 0, 0, 1, 0
0.0287815, 0, 0, 0, 0, 0, 0, 0, 0
0.0287889, 0, 0, 1, 0, 0, 0, 0, 0
0.0287896, 0, 0, 1, 1, 0, 0, 0, 0
0.0287968, 0, 0, 1, 1, 0, 1, 1, 0
0.0288047, 0, 0, 1, 0, 0, 1, 1, 0
0.0288120, 0, 0, 1, 0, 0, 1, 0, 0
0.0288194, 0, 0, 0, 0, 0, 1, 0, 0
0.0288201, 0, 0, 0, 1, 0, 1, 0, 0
0.0288273, 0, 0, 0, 1, 0, 0, 1, 0
0.0288354, 0, 0, 0, 0, 0, 0, 1, 0
0.0288425, 0, 0, 0, 0, 0, 0, 0, 0
0.0288505, 0, 0, 1, 0, 0, 0, 0, 0
0.0288512, 0, 0, 1, 1, 0, 0, 0, 0
0.0288578, 0, 0, 1, 1, 0, 0, 1, 0
0.0288579, 0, 0, 1, 1, 0, 1, 1, 0
0.0288657, 0, 0, 1, 0, 0, 1, 1, 0
0.0288731, 0, 0, 1, 0, 0, 1, 0, 0
0.0288804, 0, 0, 0, 0, 0, 1, 0, 0
0.0288811, 0, 0, 0, 1, 0, 1, 0, 0
0.0288883, 0, 0, 0, 1, 0, 0, 0, 0
0.0288884, 0, 0, 0, 1, 0, 0, 1, 0
0.0288962, 0, 0, 0, 0, 0, 0, 1, 0
0.0289036, 0, 0, 0, 0, 0, 0, 0, 0
0.0289109, 0, 0, 1, 0, 0, 0, 0, 0
0.0289117, 0, 0, 1, 1, 0, 0, 0, 0
0.0289188, 0, 0, 1, 1, 0, 0, 1, 0
0.0289189, 0, 0, 1, 1, 0, 1, 1, 0
0.0289267, 0, 0, 1, 0, 0, 1, 1, 0
0.0289341, 0, 0, 1, 0, 0, 1, 0, 0
0.0289414, 0, 0, 0, 0, 0, 1, 0, 0
0.0289421, 0, 0, 0, 1, 0, 1, 0, 0
0.0289494, 0, 0, 0, 1, 0, 0, 1, 0
0.0289579, 0, 0, 0, 0, 0, 0, 1, 0
0.0289646, 0, 0, 0, 0, 0, 0, 0, 0
0.0289719, 0, 0, 1, 0, 0, 0, 0, 0
0.0289727, 0, 0, 1, 1, 0, 0, 0, 0
0.0289799, 0, 0, 1, 1, 0, 1, 1, 0
0.0289877, 0, 0, 1, 0, 0, 1, 1, 0
0.0289951, 0, 0, 1, 0, 0, 1, 0, 0
0.0290026, 0, 0, 0, 0, 0, 1, 0, 0
0.0290034, 0, 0, 0, 1, 0, 1, 0, 0
0.0290104, 0, 0, 0, 1, 0, 0, 0, 0
0.0290105, 0, 0, 0, 1, 0, 0, 1, 0
0.0290182, 0, 0, 0, 0, 0, 0, 1, 0
0.0290257, 0, 0, 0, 0, 0, 0, 0, 0
0.0290329, 0, 0, 1, 0, 0, 0, 0, 0
0.0290336, 0, 0, 1, 1, 0, 0, 0, 0
0.0290409, 0, 0, 1, 1, 0, 0, 1, 0
0.0290410, 0, 0, 1, 1, 0, 1, 1, 0
0.0290487, 0, 0, 1, 0, 0, 1, 1, 0
0.0290562, 0, 0, 1, 0, 0, 1, 0, 0
0.0290634, 0, 0, 0, 0, 0, 1, 0, 0
0.0290641, 0, 0, 0, 1, 0, 1, 0, 0
0.0290714, 0, 0, 0, 1, 0, 0, 0, 0
0.0290715, 0, 0, 0, 1, 0, 0, 1, 0
0.0290793, 0, 0, 0, 0, 0, 0, 1, 0
0.0290867, 0, 0, 0, 0, 0, 0, 0, 0
0.0290939, 0, 0, 1, 0, 0, 0, 0, 0
0.0290946, 0, 0, 1, 1, 0, 0, 0, 0
0.0291020, 0, 0, 1, 1, 0, 1, 1, 0
0.0291100, 0, 0, 1, 0, 0, 1, 1, 0
0.0291172, 0, 0, 1, 0, 0, 1, 0, 0
0.0291251, 0, 0, 0, 0, 0, 1, 0, 0
0.0291258, 0, 0, 0, 1, 0, 1, 0, 0
0.0291325, 0, 0, 0, 1, 0, 0, 1, 0
0.0291407, 0, 0, 0, 0, 0, 0, 1, 0
0.0291477, 0, 0, 0, 0, 0, 0, 0, 0
0.0291558, 0, 0, 1, 0, 0, 0, 0, 0
0.0291565, 0, 0, 1, 1, 0, 0, 0, 0
0.0291630, 0, 0, 1, 1, 0, 0, 1, 0
0.0291631, 0, 0, 1, 1, 0, 1, 1, 0
0.0291707, 0, 0, 1, 0, 0, 1, 1, 0
0.0291783, 0, 0, 1, 0, 0, 1, 0, 0
0.0291855, 0, 0, 0, 0, 0, 1, 0, 0
0.0291862, 0, 0, 0, 1, 0, 1, 0, 0
0.0291873, 0, 0, 0, 1, 1, 1, 0, 0
0.0291935, 0, 0, 0, 1, 1, 0, 0, 0
0.0291936, 0, 0, 0, 1, 1, 0, 1, 0
0.0292012, 0, 0, 0, 0, 1, 0, 1, 0
0.0292088, 0, 0, 0, 0, 1, 0, 0, 0
0.0292159, 0, 0, 1, 0, 1, 0, 0, 0
0.0292167, 0, 0, 1, 1, 1, 0, 0, 0
0.0292240, 0, 0, 1, 1, 1, 0, 1, 0
0.0292241, 0, 0, 1, 1, 1, 1, 1, 0
0.0292318, 0, 0, 1, 0, 1, 1, 1, 0
0.0292393, 0, 0, 1, 0, 1, 1, 0, 0
0.0292464, 0, 0, 0, 0, 1, 1, 0, 0
0.0292472, 0, 0, 0, 1, 1, 1, 0, 0
0.0292484, 0, 0, 0, 1, 0, 1, 0, 0
0.0292545, 0, 0, 0, 1, 0, 0, 0, 0
0.0292546, 0, 0, 0, 1, 0, 0, 1, 0
0.0292628, 0, 0, 0, 0, 0, 0, 1, 0
0.0292698, 0, 0, 0, 0, 0, 0, 0, 0
0.0292769, 0, 0, 1, 0, 0, 0, 0, 0
0.0292777, 0, 0, 1, 1, 0, 0, 0, 0
0.0292787, 0, 0, 1, 1, 1, 0, 0, 0
0.0292851, 0, 0, 1, 1, 1, 1, 1, 0
0.0292927, 0, 0, 1, 0, 1, 1, 1, 0
0.0293003, 0, 0, 1, 0, 1, 1, 0, 0
0.0293074, 0, 0, 0, 0, 1, 1, 0, 0
0.0293082, 0, 0, 0, 1, 1, 1, 0, 0
0.0293156, 0, 0, 0, 1, 1, 0, 1, 0
0.0293232, 0, 0, 0, 0, 1, 0, 1, 0
0.0293309, 0, 0, 0, 0, 1, 0, 0, 0
0.0293379, 0, 0, 1, 0, 1, 0, 0, 0
0.0293387, 0, 0, 1, 1, 1, 0, 0, 0
0.0293461, 0, 0, 1, 1, 1, 0, 1, 0
0.0293462, 0, 0, 1, 1, 1, 1, 1, 0
0.0293540, 0, 0, 1, 0, 1, 1, 1, 0
0.0293614, 0, 0, 1, 0, 1, 1, 0, 0
0.0293684, 0, 0, 0, 0, 1, 1, 0, 0
0.0293692, 0, 0, 0, 1, 1, 1, 0, 0
0.0293766, 0, 0, 0, 1, 1, 0, 0, 0
0.0293767, 0, 0, 0, 1, 1, 0, 1, 0
0.0293845, 0, 0, 0, 0, 1, 0, 1, 0
0.0293919, 0, 0, 0, 0, 1, 0, 0, 0
0.0293995, 0, 0, 1, 0, 1, 0, 0, 0
0.0294003, 0, 0, 1, 1, 1, 0, 0, 0
0.0294015, 0, 0, 1, 1, 0, 0, 0, 0
0.0294072, 0, 0, 1, 1, 0, 1, 1, 0
0.0294147, 0, 0, 1, 0, 0, 1, 1, 0
0.0294224, 0, 0, 1, 0, 0, 1, 0, 0
0.0294294, 0, 0, 0, 0, 0, 1, 0, 0
0.0294302, 0, 0, 0, 1, 0, 1, 0, 0
0.0294312, 0, 0, 0, 1, 1, 1, 0, 0
0.0294377, 0, 0, 0, 1, 1, 0, 1, 0
0.0294454, 0, 0, 0, 0, 1, 0, 1, 0
0.0294529, 0, 0, 0, 0, 1, 0, 0, 0
0.0294599, 0, 0, 1, 0, 1, 0, 0, 0
0.0294607, 0, 0, 1, 1, 1, 0, 0, 0
0.0294682, 0, 0, 1, 1, 1, 1, 1, 0
0.0294759, 0, 0, 1, 0, 1, 1, 1, 0
0.0294835, 0, 0, 1, 0, 1, 1, 0, 0
0.0294904, 0, 0, 0, 0, 1, 1, 0, 0
0.0294912, 0, 0, 0, 1, 1, 1, 0, 0
0.0294987, 0, 0, 0, 1, 1, 0, 0, 0
0.0294988, 0, 0, 0, 1, 1, 0, 1, 0
0.0295064, 0, 0, 0, 0, 1, 0, 1, 0
0.0295140, 0, 0, 0, 0, 1, 0, 0, 0
0.0295214, 0, 0, 1, 0, 1, 0, 0, 0
0.0295222, 0, 0, 1, 1, 1, 0, 0, 0
0.0295234, 0, 0, 1, 1, 0, 0, 0, 0
0.0295292, 0, 0, 1, 1, 0, 0, 1, 0
0.0295293, 0, 0, 1, 1, 0, 1, 1, 0
0.0295368, 0, 0, 1, 0, 0, 1, 1, 0
0.0295445, 0, 0, 1, 0, 0, 1, 0, 0
0.0295514, 0, 0, 0, 0, 0, 1, 0, 0
0.0295522, 0, 0, 0, 1, 0, 1, 0, 0
0.0295533, 0, 0, 0, 1, 1, 1, 0, 0
0.0295597, 0, 0, 0, 1, 1, 0, 0, 0
0.0295598, 0, 0, 0, 1, 1, 0, 1, 0
0.0295673, 0, 0, 0, 0, 1, 0, 1, 0
0.0295750, 0, 0, 0, 0, 1, 0, 0, 0
0.0295819, 0, 0, 1, 0, 1, 0, 0, 0
0.0295827, 0, 0, 1, 1, 1, 0, 0, 0
0.0295839, 0, 0, 1, 1, 0, 0, 0, 0
0.0295903, 0, 0, 1, 1, 0, 1, 1, 0
0.0295996, 0, 0, 1, 0, 0, 1, 1, 0
0.0296055, 0, 0, 1, 0, 0, 1, 0, 0
0.0296128, 0, 0, 0, 0, 0, 1, 0, 0
0.0296136, 0, 0, 0, 1, 0, 1, 0, 0
0.0296208, 0, 0, 0, 1, 0, 0, 1, 0
0.0296283, 0, 0, 0, 0, 0, 0, 1, 0
0.0296361, 0, 0, 0, 0, 0, 0, 0, 0
0.0296429, 0, 0, 1, 0, 0, 0, 0, 0
0.0296437, 0, 0, 1, 1, 0, 0, 0, 0
0.0296513, 0, 0, 1, 1, 0, 0, 1, 0
0.0296514, 0, 0, 1, 1, 0, 1, 1, 0
0.0296589, 0, 0, 1, 0, 0, 1, 1, 0
0.0296666, 0, 0, 1, 0, 0, 1, 0, 0
0.0296735, 0, 0, 0, 0, 0, 1, 0, 0
0.0296742, 0, 0, 0, 1, 0, 1, 0, 0
0.0296753, 0, 0, 0, 1, 1, 1, 0, 0
0.0296818, 0, 0, 0, 1, 1, 0, 0, 0
0.0296819, 0, 0, 0, 1, 1, 0, 1, 0
0.0296893, 0, 0, 0, 0, 1, 0, 1, 0
0.0296971, 0, 0, 0, 0, 1, 0, 0, 0
0.0297040, 0, 0, 1, 0, 1, 0, 0, 0
0.0297047, 0, 0, 1, 1, 1, 0, 0, 0
0.0297060, 0, 0, 1, 1, 0, 0, 0, 0
0.0297124, 0, 0, 1, 1, 0, 1, 1, 0
0.0297200, 0, 0, 1, 0, 0, 1, 1, 0
0.0297276, 0, 0, 1, 0, 0, 1, 0, 0
0.0297351, 0, 0, 0, 0, 0, 1, 0, 0
0.0297358, 0, 0, 0, 1, 0, 1, 0, 0
0.0297369, 0, 0, 0, 1, 1, 1, 0, 0
0.0297429, 0, 0, 0, 1, 1, 0, 1, 0
0.0297503, 0, 0, 0, 0, 1, 0, 1, 0
0.0297581, 0, 0, 0, 0, 1, 0, 0, 0
0.0297650, 0, 0, 1, 0, 1, 0, 0, 0
0.0297657, 0, 0, 1, 1, 1, 0, 0, 0
0.0297734, 0, 0, 1, 1, 1, 1, 1, 0
0.0297808, 0, 0, 1, 0, 1, 1, 1, 0
0.0297887, 0, 0, 1, 0, 1, 1, 0, 0
0.0297955, 0, 0, 0, 0, 1, 1, 0, 0
0.0297962, 0, 0, 0, 1, 1, 1, 0, 0
0.0297975, 0, 0, 0, 1, 0, 1, 0, 0
0.0298039, 0, 0, 0, 1, 0, 0, 0, 0
0.0298040, 0, 0, 0, 1, 0, 0, 1, 0
0.0298114, 0, 0, 0, 0, 0, 0, 1, 0
0.0298192, 0, 0, 0, 0, 0, 0, 0, 0
0.0298260, 0, 0, 1, 0, 0, 0, 0, 0
0.0298267, 0, 0, 1, 1, 0, 0, 0, 0
0.0298344, 0, 0, 1, 1, 0, 0, 1, 0
0.0298345, 0, 0, 1, 1, 0, 1, 1, 0
0.0298421, 0, 0, 1, 0, 0, 1, 1, 0
0.0298497, 0, 0, 1, 0, 0, 1, 0, 0
0.0298572, 0, 0, 0, 0, 0, 1, 0, 0
0.0298579, 0, 0, 0, 1, 0, 1, 0, 0
0.0298649, 0, 0, 0, 1, 0, 0, 0, 0
0.0298650, 0, 0, 0, 1, 0, 0, 1, 0
0.0298723, 0, 0, 0, 0, 0, 0, 1, 0
0.0298802, 0, 0, 0, 0, 0, 0, 0, 0
0.0298870, 0, 0, 1, 0, 0, 0, 0, 0
0.0298877, 0, 0, 1, 1, 0, 0, 0, 0
0.0298955, 0, 0, 1, 1, 0, 1, 1, 0
0.0299028, 0, 0, 1, 0, 0, 1, 1, 0
0.0299107, 0, 0, 1, 0, 0, 1, 0, 0
0.0299175, 0, 0, 0, 0, 0, 1, 0, 0
0.0299182, 0, 0, 0, 1, 0, 1, 0, 0
0.0299260, 0, 0, 0, 1, 0, 0, 1, 0
0.0299333, 0, 0, 0, 0, 0, 0, 1, 0
0.0299413, 0, 0, 0, 0, 0, 0, 0, 0
0.0299480, 0, 0, 1, 0, 0, 0, 0, 0
0.0299487, 0, 0, 1, 1, 0, 0, 0, 0
0.0299565, 0, 0, 1, 1, 0, 0, 1, 0
0.0299566, 0, 0, 1, 1, 0, 1, 1, 0
0.0299645, 0, 0, 1, 0, 0, 1, 1, 0
0.0299718, 0, 0, 1, 0, 0, 1, 0, 0
0.0299786, 0, 0, 0, 0, 0, 1, 0, 0
0.0299794, 0, 0, 0, 1, 0, 1, 0, 0
0.0299870, 0, 0, 0, 1, 0, 0, 0, 0
0.0299871, 0, 0, 0, 1, 0, 0, 1, 0
0.0299943, 0, 0, 0, 0, 0, 0, 1, 0
0.0300023, 0, 0, 0, 0, 0, 0, 0, 0
0.0300093, 0, 0, 1, 0, 0, 0, 0, 0
0.0300101, 0, 0, 1, 1, 0, 0, 0, 0
0.0300176, 0, 0, 1, 1, 0, 1, 1, 0
0.0300248, 0, 0, 1, 0, 0, 1, 1, 0
0.0300328, 0, 0, 1, 0, 0, 1, 0, 0
0.0300395, 0, 0, 0, 0, 0, 1, 0, 0
0.0300402, 0, 0, 0, 1, 0, 1, 0, 0
0.0300481, 0, 0, 0, 1, 0, 0, 1, 0
0.0300554, 0, 0, 0, 0, 0, 0, 1, 0
0.0300633, 0, 0, 0, 0, 0, 0, 0, 0
0.0300700, 0, 0, 1, 0, 0, 0, 0, 0
0.0300707, 0, 0, 1, 1, 0, 0, 0, 0
0.0300786, 0, 0, 1, 1, 0, 1, 1, 0
0.0300860, 0, 0, 1, 0, 0, 1, 1, 0
0.0300939, 0, 0, 1, 0, 0, 1, 0, 0
0.0301005, 0, 0, 0, 0, 0, 1, 0, 0
0.0301012, 0, 0, 0, 1, 0, 1, 0, 0
0.0301091, 0, 0, 0, 1, 0, 0, 0, 0
0.0301092, 0, 0, 0, 1, 0, 0, 1, 0
0.0301167, 0, 0, 0, 0, 0, 0, 1, 0
0.0301244, 0, 0, 0, 0, 0, 0, 0, 0
0.0301310, 0, 0, 1, 0, 0, 0, 0, 0
0.0301318, 0, 0, 1, 1, 0, 0, 0, 0
0.0301396, 0, 0, 1, 1, 0, 0, 1, 0
0.0301397, 0, 0, 1, 1, 0, 1, 1, 0
0.0301474, 0, 0, 1, 0, 0, 1, 1, 0
0.0301549, 0, 0, 1, 0, 0, 1, 0, 0
0.0301615, 0, 0, 0, 0, 0, 1, 0, 0
0.0301623, 0, 0, 0, 1, 0, 1, 0, 0
0.0301701, 0, 0, 0, 1, 0, 0, 0, 0
0.0301702, 0, 0, 0, 1, 0, 0, 1, 0
0.0301773, 0, 0, 0, 0, 0, 0, 1, 0
0.0301854, 0, 0, 0, 0, 0, 0, 0, 0
0.0301921, 0, 0, 1, 0, 0, 0, 0, 0
0.0301929, 0, 0, 1, 1, 0, 0, 0, 0
0.0301939, 0, 0, 1, 1, 1, 0, 0, 0
0.0302007, 0, 0, 1, 1, 1, 1, 1, 0
0.0302078, 0, 0, 1, 0, 1, 1, 1, 0
0.0302159, 0, 0, 1, 0, 1, 1, 0, 0
0.0302225, 0, 0, 0, 0, 1, 1, 0, 0
0.0302233, 0, 0, 0, 1, 1, 1, 0, 0
0.0302312, 0, 0, 0, 1, 1, 0, 1, 0
0.0302383, 0, 0, 0, 0, 1, 0, 1, 0
0.0302465, 0, 0, 0, 0, 1, 0, 0, 0
0.0302530, 0, 0, 1, 0, 1, 0, 0, 0
0.0302538, 0, 0, 1, 1, 1, 0, 0, 0
0.0302617, 0, 0, 1, 1, 1, 0, 1, 0
0.0302618, 0, 0, 1, 1, 1, 1, 1, 0
0.0302693, 0, 0, 1, 0, 1, 1, 1, 0
0.0302770, 0, 0, 1, 0, 1, 1, 0, 0
0.0302843, 0, 0, 0, 0, 1, 1, 0, 0
0.0302851, 0, 0, 0, 1, 1, 1, 0, 0
0.0302863, 0, 0, 0, 1, 0, 1, 0, 0
0.0302922, 0, 0, 0, 1, 0, 0, 0, 0
0.0302923, 0, 0, 0, 1, 0, 0, 1, 0
0.0302993, 0, 0, 0, 0, 0, 0, 1, 0
0.0303075, 0, 0, 0, 0, 0, 0, 0, 0
0.0303140, 0, 0, 1, 0, 0, 0, 0, 0
0.0303148, 0, 0, 1, 1, 0, 0, 0, 0
0.0303228, 0, 0, 1, 1, 0, 1, 1, 0
0.0303298, 0, 0, 1, 0, 0, 1, 1, 0
0.0303380, 0, 0, 1, 0, 0, 1, 0, 0
0.0303445, 0, 0, 0, 0, 0, 1, 0, 0
0.0303453, 0, 0, 0, 1, 0, 1, 0, 0
0.0303463, 0, 0, 0, 1, 1, 1, 0, 0
0.0303533, 0, 0, 0, 1, 1, 0, 1, 0
0.0303603, 0, 0, 0, 0, 1, 0, 1, 0
0.0303685, 0, 0, 0, 0, 1, 0, 0, 0
0.0303750, 0, 0, 1, 0, 1, 0, 0, 0
0.0303758, 0, 0, 1, 1, 1, 0, 0, 0
0.0303838, 0, 0, 1, 1, 1, 1, 1, 0
0.0303913, 0, 0, 1, 0, 1, 1, 1, 0
0.0303990, 0, 0, 1, 0, 1, 1, 0, 0
0.0304064, 0, 0, 0, 0, 1, 1, 0, 0
0.0304072, 0, 0, 0, 1, 1, 1, 0, 0
0.0304143, 0, 0, 0, 1, 1, 0, 0, 0
0.0304144, 0, 0, 0, 1, 1, 0, 1, 0
0.0304213, 0, 0, 0, 0, 1, 0, 1, 0
0.0304296, 0, 0, 0, 0, 1, 0, 0, 0
0.0304360, 0, 0, 1, 0, 1, 0, 0, 0
0.0304368, 0, 0, 1, 1, 1, 0, 0, 0
0.0304380, 0, 0, 1, 1, 0, 0, 0, 0
0.0304448, 0, 0, 1, 1, 0, 0, 1, 0
0.0304449, 0, 0, 1, 1, 0, 1, 1, 0
0.0304518, 0, 0, 1, 0, 0, 1, 1, 0
0.0304601, 0, 0, 1, 0, 0, 1, 0, 0
0.0304665, 0, 0, 0, 0, 0, 1, 0, 0
0.0304673, 0, 0, 0, 1, 0, 1, 0, 0
0.0304683, 0, 0, 0, 1, 1, 1, 0, 0
0.0304753, 0, 0, 0, 1, 1, 0, 0, 0
0.0304754, 0, 0, 0, 1, 1, 0, 1, 0
0.0304824, 0, 0, 0, 0, 1, 0, 1, 0
0.0304906, 0, 0, 0, 0, 1, 0, 0, 0
0.0304970, 0, 0, 1, 0, 1, 0, 0, 0
0.0304978, 0, 0, 1, 1, 1, 0, 0, 0
0.0305059, 0, 0, 1, 1, 1, 1, 1, 0
0.0305132, 0, 0, 1, 0, 1, 1, 1, 0
0.0305211, 0, 0, 1, 0, 1, 1, 0, 0
0.0305283, 0, 0, 0, 0, 1, 1, 0, 0
0.0305290, 0, 0, 0, 1, 1, 1, 0, 0
0.0305364, 0, 0, 0, 1, 1, 0, 1, 0
0.0305434, 0, 0, 0, 0, 1, 0, 1, 0
0.0305516, 0, 0, 0, 0, 1, 0, 0, 0
0.0305580, 0, 0, 1, 0, 1, 0, 0, 0
0.0305588, 0, 0, 1, 1, 1, 0, 0, 0
0.0305600, 0, 0, 1, 1, 0, 0, 0, 0
0.0305669, 0, 0, 1, 1, 0, 0, 1, 0
0.0305670, 0, 0, 1, 1, 0, 1, 1, 0
0.0305739, 0, 0, 1, 0, 0, 1, 1, 0
0.0305822, 0, 0, 1, 0, 0, 1, 0, 0
0.0305885, 0, 0, 0, 0, 0, 1, 0, 0
0.0305893, 0, 0, 0, 1, 0, 1, 0, 0
0.0305974, 0, 0, 0, 1, 0, 0, 0, 0
0.0305975, 0, 0, 0, 1, 0, 0, 1, 0
0.0306044, 0, 0, 0, 0, 0, 0, 1, 0
0.0306127, 0, 0, 0, 0, 0, 0, 0, 0
0.0306241, 0, 0, 1, 0, 0, 0, 0, 0
0.0306248, 0, 0, 1, 1, 0, 0, 0, 0
0.0306279, 0, 0, 1, 1, 0, 0, 1, 0
0.0306280, 0, 0, 1, 1, 0, 1, 1, 0
0.0306349, 0, 0, 1, 0, 0, 1, 1, 0
0.0306432, 0, 0, 1, 0, 0, 1, 0, 0
0.0306500, 0, 0, 0, 0, 0, 1, 0, 0
0.0306507, 0, 0, 0, 1, 0, 1, 0, 0
0.0306518, 0, 0, 0, 1, 1, 1, 0, 0
0.0306585, 0, 0, 0, 1, 1, 0, 1, 0
0.0306654, 0, 0, 0, 0, 1, 0, 1, 0
0.0306737, 0, 0, 0, 0, 1, 0, 0, 0
0.0306801, 0, 0, 1, 0, 1, 0, 0, 0
0.0306808, 0, 0, 1, 1, 1, 0, 0, 0
0.0306890, 0, 0, 1, 1, 1, 1, 1, 0
0.0306959, 0, 0, 1, 0, 1, 1, 1, 0
0.0307042, 0, 0, 1, 0, 1, 1, 0, 0
0.0307107, 0, 0, 0, 0, 1, 1, 0, 0
0.0307115, 0, 0, 0, 1, 1, 1, 0, 0
0.0307195, 0, 0, 0, 1, 1, 0, 0, 0
0.0307196, 0, 0, 0, 1, 1, 0, 1, 0
0.0307271, 0, 0, 0, 0, 1, 0, 1, 0
0.0307348, 0, 0, 0, 0, 1, 0, 0, 0
0.0307412, 0, 0, 1, 0, 1, 0, 0, 0
0.0307419, 0, 0, 1, 1, 1, 0, 0, 0
0.0307432, 0, 0, 1, 1, 0, 0, 0, 0
0.0307500, 0, 0, 1, 1, 0, 0, 1, 0
0.0307501, 0, 0, 1, 1, 0, 1, 1, 0
0.0307569, 0, 0, 1, 0, 0, 1, 1, 0
0.0307653, 0, 0, 1, 0, 0, 1, 0, 0
0.0307719, 0, 0, 0, 0, 0, 1, 0, 0
0.0307726, 0, 0, 0, 1, 0, 1, 0, 0
0.0307805, 0, 0, 0, 1, 0, 0, 0, 0
0.0307806, 0, 0, 0, 1, 0, 0, 1, 0
0.0307874, 0, 0, 0, 0, 0, 0, 1, 0
0.0307958, 0, 0, 0, 0, 0, 0, 0, 0
0.0308021, 0, 0, 1, 0, 0, 0, 0, 0
0.0308028, 0, 0, 1, 1, 0, 0, 0, 0
0.0308111, 0, 0, 1, 1, 0, 1, 1, 0
0.0308179, 0, 0, 1, 0, 0, 1, 1, 0
0.0308263, 0, 0, 1, 0, 0, 1, 0, 0
0.0308326, 0, 0, 0, 0, 0, 1, 0, 0
0.0308333, 0, 0, 0, 1, 0, 1, 0, 0
0.0308416, 0, 0, 0, 1, 0, 0, 1, 0
0.0308486, 0, 0, 0, 0, 0, 0, 1, 0
0.0308568, 0, 0, 0, 0, 0, 0, 0, 0
0.0308631, 0, 0, 1, 0, 0, 0, 0, 0
0.0308638, 0, 0, 1, 1, 0, 0, 0, 0
0.0308721, 0, 0, 1, 1, 0, 0, 1, 0
0.0308722, 0, 0, 1, 1, 0, 1, 1, 0
0.0308793, 0, 0, 1, 0, 0, 1, 1, 0
0.0308874, 0, 0, 1, 0, 0, 1, 0, 0
0.0308943, 0, 0, 0, 0, 0, 1, 0, 0
0.0308951, 0, 0, 0, 1, 0, 1, 0, 0
0.0309026, 0, 0, 0, 1, 0, 0, 0, 0
0.0309027, 0, 0, 0, 1, 0, 0, 1, 0
0.0309094, 0, 0, 0, 0, 0, 0, 1, 0
0.0309179, 0, 0, 0, 0, 0, 0, 0, 0
0.0309241, 0, 0, 1, 0, 0, 0, 0, 0
0.0309248, 0, 0, 1, 1, 0, 0, 0, 0
0.0309331, 0, 0, 1, 1, 0, 0, 1, 0
0.0309332, 0, 0, 1, 1, 0, 1, 1, 0
0.0309399, 0, 0, 1, 0, 0, 1, 1, 0
0.0309484, 0, 0, 1, 0, 0, 1, 0, 0
0.0309546, 0, 0, 0, 0, 0, 1, 0, 0
0.0309553, 0, 0, 0, 1, 0, 1, 0, 0
0.0309637, 0, 0, 0, 1, 0, 0, 1, 0
0.0309704, 0, 0, 0, 0, 0, 0, 1, 0
0.0309789, 0, 0, 0, 0, 0, 0, 0, 0
0.0309852, 0, 0, 1, 0, 0, 0, 0, 0
0.0309859, 0, 0, 1, 1, 0, 0, 0, 0
0.0309942, 0, 0, 1, 1, 0, 1, 1, 0
0.0310017, 0, 0, 1, 0, 0, 1, 1, 0
0.0310094, 0, 0, 1, 0, 0, 1, 0, 0
0.0310158, 0, 0, 0, 0, 0, 1, 0, 0
0.0310165, 0, 0, 0, 1, 0, 1, 0, 0
0.0310247, 0, 0, 0, 1, 0, 0, 0, 0
0.0310248, 0, 0, 0, 1, 0, 0, 1, 0
0.0310314, 0, 0, 0, 0, 0, 0, 1, 0
0.0310400, 0, 0, 0, 0, 0, 0, 0, 0
0.0310465, 0, 0, 1, 0, 0, 0, 0, 0
0.0310472, 0, 0, 1, 1, 0, 0, 0, 0
0.0310552, 0, 0, 1, 1, 0, 0, 1, 0
0.0310553, 0, 0, 1, 1, 0, 1, 1, 0
0.0310619, 0, 0, 1, 0, 0, 1, 1, 0
0.0310705, 0, 0, 1, 0, 0, 1, 0, 0
0.0310766, 0, 0, 0, 0, 0, 1, 0, 0
0.0310774, 0, 0, 0, 1, 0, 1, 0, 0
0.0310857, 0, 0, 0, 1, 0, 0, 0, 0
0.0310858, 0, 0, 0, 1, 0, 0, 1, 0
0.0310925, 0, 0, 0, 0, 0, 0, 1, 0
0.0311010, 0, 0, 0, 0, 0, 0, 0, 0
0.0311071, 0, 0, 1, 0, 0, 0, 0, 0
0.0311079, 0, 0, 1, 1, 0, 0, 0, 0
0.0311163, 0, 0, 1, 1, 0, 1, 1, 0
0.0311232, 0, 0, 1, 0, 0, 1, 1, 0
0.0311315, 0, 0, 1, 0, 0, 1, 0, 0
0.0311376, 0, 0, 0, 0, 0, 1, 0, 0
0.0311384, 0, 0, 0, 1, 0, 1, 0, 0
0.0311468, 0, 0, 0, 1, 0, 0, 1, 0
0.0311534, 0, 0, 0, 0, 0, 0, 1, 0
0.0311620, 0, 0, 0, 0, 0, 0, 0, 0
0.0311681, 0, 0, 1, 0, 0, 0, 0, 0
0.0311689, 0, 0, 1, 1, 0, 0, 0, 0
0.0311773, 0, 0, 1, 1, 0, 0, 1, 0
0.0311774, 0, 0, 1, 1, 0, 1, 1, 0
0.0311845, 0, 0, 1, 0, 0, 1, 1, 0
0.0311926, 0, 0, 1, 0, 0, 1, 0, 0
0.0311986, 0, 0, 0, 0, 0, 1, 0, 0
0.0311994, 0, 0, 0, 1, 0, 1, 0, 0
0.0312078, 0, 0, 0, 1, 0, 0, 0, 0
0.0312079, 0, 0, 0, 1, 0, 0, 1, 0
0.0312144, 0, 0, 0, 0, 0, 0, 1, 0
0.0312231, 0, 0, 0, 0, 0, 0, 0, 0
0.0312293, 0, 0, 1, 0, 0, 0, 0, 0
0.0312301, 0, 0, 1, 1, 0, 0, 0, 0
0.0312383, 0, 0, 1, 1, 0, 0, 1, 0
0.0312384, 0, 0, 1, 1, 0, 1, 1, 0
0.0312450, 0, 0, 1, 0, 0, 1, 1, 0
0.0312536, 0, 0, 1, 0, 0, 1, 0, 0
0.0312596, 0, 0, 0, 0, 0, 1, 0, 0
0.0312604, 0, 0, 0, 1, 0, 1, 0, 0
0.0312688, 0, 0, 0, 1, 0, 0, 0, 0
0.0312689, 0, 0, 0, 1, 0, 0, 1, 0
0.0312754, 0, 0, 0, 0, 0, 0, 1, 0
0.0312841, 0, 0, 0, 0, 0, 0, 0, 0
0.0312901, 0, 0, 1, 0, 0, 0, 0, 0
0.0312909, 0, 0, 1, 1, 0, 0, 0, 0
0.0312994, 0, 0, 1, 1, 0, 1, 1, 0
0.0313060, 0, 0, 1, 0, 0, 1, 1, 0
0.0313146, 0, 0, 1, 0, 0, 1, 0, 0
0.0313206, 0, 0, 0, 0, 0, 1, 0, 0
0.0313214, 0, 0, 0, 1, 0, 1, 0, 0
0.0313299, 0, 0, 0, 1, 0, 0, 1, 0
0.0313367, 0, 0, 0, 0, 0, 0, 1, 0
0.0313452, 0, 0, 0, 0, 0, 0, 0, 0
0.0313518, 0, 0, 1, 0, 0, 0, 0, 0
0.0313525, 0, 0, 1, 1, 0, 0, 0, 0
0.0313604, 0, 0, 1, 1, 0, 0, 1, 0
0.0313605, 0, 0, 1, 1, 0, 1, 1, 0
0.0313669, 0, 0, 1, 0, 0, 1, 1, 0
0.0313757, 0, 0, 1, 0, 0, 1, 0, 0
0.0313816, 0, 0, 0, 0, 0, 1, 0, 0
0.0313824, 0, 0, 0, 1, 0, 1, 0, 0
0.0313909, 0, 0, 0, 1, 0, 0, 0, 0
0.0313910, 0, 0, 0, 1, 0, 0, 1, 0
0.0313974, 0, 0, 0, 0, 0, 0, 1, 0
0.0314062, 0, 0, 0, 0, 0, 0, 0, 0
0.0314122, 0, 0, 1, 0, 0, 0, 0, 0
0.0314129, 0, 0, 1, 1, 0, 0, 0, 0
0.0314215, 0, 0, 1, 1, 0, 1, 1, 0
0.0314280, 0, 0, 1, 0, 0, 1, 1, 0
0.0314367, 0, 0, 1, 0, 0, 1, 0, 0
0.0314426, 0, 0, 0, 0, 0, 1, 0, 0
0.0314434, 0, 0, 0, 1, 0, 1, 0, 0
0.0314520, 0, 0, 0, 1, 0, 0, 1, 0
0.0314591, 0, 0, 0, 0, 0, 0, 1, 0
0.0314672, 0, 0, 0, 0, 0, 0, 0, 0
0.0314732, 0, 0, 1, 0, 0, 0, 0, 0
0.0314740, 0, 0, 1, 1, 0, 0, 0, 0
0.0314825, 0, 0, 1, 1, 0, 1, 1, 0
0.0314890, 0, 0, 1, 0, 0, 1, 1, 0
0.0314978, 0, 0, 1, 0, 0, 1, 0, 0
0.0315039, 0, 0, 0, 0, 0, 1, 0, 0
0.0315046, 0, 0, 0, 1, 0, 1, 0, 0
0.0315130, 0, 0, 0, 1, 0, 0, 0, 0
0.0315131, 0, 0, 0, 1, 0, 0, 1, 0
0.0315195, 0, 0, 0, 0, 0, 0, 1, 0
0.0315283, 0, 0, 0, 0, 0, 0, 0, 0
0.0315341, 0, 0, 1, 0, 0, 0, 0, 0
0.0315349, 0, 0, 1, 1, 0, 0, 0, 0
0.0315435, 0, 0, 1, 1, 0, 0, 1, 0
0.0315436, 0, 0, 1, 1, 0, 1, 1, 0
0.0315500, 0, 0, 1, 0, 0, 1, 1, 0
0.0315588, 0, 0, 1, 0, 0, 1, 0, 0
0.0315647, 0, 0, 0, 0, 0, 1, 0, 0
0.0315654, 0, 0, 0, 1, 0, 1, 0, 0
0.0315740, 0, 0, 0, 1, 0, 0, 0, 0
0.0315741, 0, 0, 0, 1, 0, 0, 1, 0
0.0315806, 0, 0, 0, 0, 0, 0, 1, 0
0.0315893, 0, 0, 0, 0, 0, 0, 0, 0
0.0315952, 0, 0, 1, 0, 0, 0, 0, 0
0.0315959, 0, 0, 1, 1, 0, 0, 0, 0
0.0316046, 0, 0, 1, 1, 0, 1, 1, 0
0.0316113, 0, 0, 1, 0, 0, 1, 1, 0
0.0316198, 0, 0, 1, 0, 0, 1, 0, 0
0.0316263, 0, 0, 0, 0, 0, 1, 0, 0
0.0316271, 0, 0, 0, 1, 0, 1, 0, 0
0.0316351, 0, 0, 0, 1, 0, 0, 1, 0
0.0316415, 0, 0, 0, 0, 0, 0, 1, 0
0.0316504, 0, 0, 0, 0, 0, 0, 0, 0
0.0316562, 0, 0, 1, 0, 0, 0, 0, 0
0.0316569, 0, 0, 1, 1, 0, 0, 0, 0
0.0316656, 0, 0, 1, 1, 0, 0, 1, 0
0.0316657, 0, 0, 1, 1, 0, 1, 1, 0
0.0316722, 0, 0, 1, 0, 0, 1, 1, 0
0.0316809, 0, 0, 1, 0, 0, 1, 0, 0
0.0316867, 0, 0, 0, 0, 0, 1, 0, 0
0.0316874, 0, 0, 0, 1, 0, 1, 0, 0
0.0316961, 0, 0, 0, 1, 0, 0, 0, 0
0.0316962, 0, 0, 0, 1, 0, 0, 1, 0
0.0317029, 0, 0, 0, 0, 0, 0, 1, 0
0.0317114, 0, 0, 0, 0, 0, 0, 0, 0
0.0317179, 0, 0, 1, 0, 0, 0, 0, 0
0.0317187, 0, 0, 1, 1, 0, 0, 0, 0
0.0317267, 0, 0, 1, 1, 0, 1, 1, 0
0.0317330, 0, 0, 1, 0, 0, 1, 1, 0
0.0317419, 0, 0, 1, 0, 0, 1, 0, 0
0.0317477, 0, 0, 0, 0, 0, 1, 0, 0
0.0317484, 0, 0, 0, 1, 0, 1, 0, 0
0.0317572, 0, 0, 0, 1, 0, 0, 1, 0
0.0317635, 0, 0, 0, 0, 0, 0, 1, 0
0.0317724, 0, 0, 0, 0, 0, 0, 0, 0
0.0317782, 0, 0, 1, 0, 0, 0, 0, 0
0.0317789, 0, 0, 1, 1, 0, 0, 0, 0
0.0317877, 0, 0, 1, 1, 0, 1, 1, 0
0.0317940, 0, 0, 1, 0, 0, 1, 1, 0
0.0318030, 0, 0, 1, 0, 0, 1, 0, 0
0.0318087, 0, 0, 0, 0, 0, 1, 0, 0
0.0318095, 0, 0, 0, 1, 0, 1, 0, 0
0.0318182, 0, 0, 0, 1, 0, 0, 0, 0
0.0318183, 0, 0, 0, 1, 0, 0, 1, 0
0.0318253, 0, 0, 0, 0, 0, 0, 1, 0
0.0318335, 0, 0, 0, 0, 0, 0, 0, 0
0.0318394, 0, 0, 1, 0, 0, 0, 0, 0
0.0318401, 0, 0, 1, 1, 0, 0, 0, 0
0.0318487, 0, 0, 1, 1, 0, 0, 1, 0
0.0318488, 0, 0, 1, 1, 0, 1, 1, 0
0.0318550, 0, 0, 1, 0, 0, 1, 1, 0
0.0318640, 0, 0, 1, 0, 0, 1, 0, 0
0.0318701, 0, 0, 0, 0, 0, 1, 0, 0
0.0318708, 0, 0, 0, 1, 0, 1, 0, 0
0.0318792, 0, 0, 0, 1, 0, 0, 0, 0
0.0318793, 0, 0, 0, 1, 0, 0, 1, 0
0.0318855, 0, 0, 0, 0, 0, 0, 1, 0
0.0318945, 0, 0, 0, 0, 0, 0, 0, 0
0.0319002, 0, 0, 1, 0, 0, 0, 0, 0
0.0319009, 0, 0, 1, 1, 0, 0, 0, 0
0.0319098, 0, 0, 1, 1, 0, 1, 1, 0
0.0319161, 0, 0, 1, 0, 0, 1, 1, 0
0.0319250, 0, 0, 1, 0, 0, 1, 0, 0
0.0319307, 0, 0, 0, 0, 0, 1, 0, 0
0.0319314, 0, 0, 0, 1, 0, 1, 0, 0
0.0319403, 0, 0, 0, 1, 0, 0, 1, 0
0.0319468, 0, 0, 0, 0, 0, 0, 1, 0
0.0319479, 0, 0, 0, 0, 0, 0, 1, 1
0.0319556, 0, 0, 0, 0, 0, 0, 0, 1
0.0319612, 0, 0, 1, 0, 0, 0, 0, 1
0.0319619, 0, 0, 1, 1, 0, 0, 0, 1
0.0319708, 0, 0, 1, 1, 0, 0, 1, 1
0.0319709, 0, 0, 1, 1, 0, 1, 1, 1
0.0319774, 0, 0, 1, 0, 0, 1, 1, 1
0.0319925, 0, 0, 0, 0, 0, 1, 1, 1
0.0319933, 0, 0, 0, 1, 0, 1, 1, 1
0.0320013, 0, 0, 0, 1, 0, 0, 1, 1
0.0320075, 0, 0, 0, 0, 0, 0, 1, 1
0.0320222, 0, 0, 1, 0, 0, 0, 1, 1
0.0320229, 0, 0, 1, 1, 0, 0, 1, 1
0.0320319, 0, 0, 1, 1, 0, 1, 1, 1
0.0320380, 0, 0, 1, 0, 0, 1, 1, 1
0.0320527, 0, 0, 0, 0, 0, 1, 1, 1
0.0320535, 0, 0, 0, 1, 0, 1, 1, 1
0.0320624, 0, 0, 0, 1, 0, 0, 1, 1
0.0320685, 0, 0, 0, 0, 0, 0, 1, 1
0.0320833, 0, 0, 1, 0, 0, 0, 1, 1
0.0320841, 0, 0, 1, 1, 0, 0, 1, 1
0.0320930, 0, 0, 1, 1, 0, 1, 1, 1
0.0320999, 0, 0, 1, 0, 0, 1, 1, 1
0.0321140, 0, 0, 0, 0, 0, 1, 1, 1
0.0321147, 0, 0, 0, 1, 0, 1, 1, 1
0.0321234, 0, 0, 0, 1, 0, 0, 1, 1
0.0321296, 0, 0, 0, 0, 0, 0, 1, 1
0.0321442, 0, 0, 1, 0, 0, 0, 1, 1
0.0321450, 0, 0, 1, 1, 0, 0, 1, 1
0.0321540, 0, 0, 1, 1, 0, 1, 1, 1
0.0321603, 0, 0, 1, 0, 0, 1, 1, 1
0.0321753, 0, 0, 0, 0, 0, 1, 1, 1
0.0321761, 0, 0, 0, 1, 0, 1, 1, 1
0.0321844, 0, 0, 0, 1, 0, 0, 1, 1
0.0321905, 0, 0, 0, 0, 0, 0, 1, 1
0.0322052, 0, 0, 1, 0, 0, 0, 1, 1
0.0322060, 0, 0, 1, 1, 0, 0, 1, 1
0.0322151, 0, 0, 1, 1, 0, 1, 1, 1
0.0322210, 0, 0, 1, 0, 0, 1, 1, 1
0.0322358, 0, 0, 0, 0, 0, 1, 1, 1
0.0322365, 0, 0, 0, 1, 0, 1, 1, 1
0.0322376, 0, 0, 0, 1, 1, 1, 1, 1
0.0322455, 0, 0, 0, 1, 1, 0, 1, 1
0.0322515, 0, 0, 0, 0, 1, 0, 1, 1
0.0322662, 0, 0, 1, 0, 1, 0, 1, 1
0.0322670, 0, 0, 1, 1, 1, 0, 1, 1
0.0322761, 0, 0, 1, 1, 1, 1, 1, 1
0.0322824, 0, 0, 1, 0, 1, 1, 1, 1
0.0322974, 0, 0, 0, 0, 1, 1, 1, 1
0.0322982, 0, 0, 0, 1, 1, 1, 1, 1
0.0323065, 0, 0, 0, 1, 1, 0, 1, 1
0.0323125, 0, 0, 0, 0, 1, 0, 1, 1
0.0323272, 0, 0, 1, 0, 1, 0, 1, 1
0.0323280, 0, 0, 1, 1, 1, 0, 1, 1
0.0323371, 0, 0, 1, 1, 1, 1, 1, 1
0.0323431, 0, 0, 1, 0, 1, 1, 1, 1
0.0323577, 0, 0, 0, 0, 1, 1, 1, 1
0.0323585, 0, 0, 0, 1, 1, 1, 1, 1
0.0323676, 0, 0, 0, 1, 1, 0, 1, 1
0.0323735, 0, 0, 0, 0, 1, 0, 1, 1
0.0323883, 0, 0, 1, 0, 1, 0, 1, 1
0.0323891, 0, 0, 1, 1, 1, 0, 1, 1
0.0323982, 0, 0, 1, 1, 1, 1, 1, 1