Time[s], Channel 0, Channel 1, Channel 3, Channel 4, Channel 5, Channel 6, Channel 7
0.0000000, 0, 1, 1, 1, 0, 1, 1
0.0000268, 0, 1, 1, 1, 1, 1, 1
0.0000572, 0, 1, 1, 1, 0, 1, 1
0.0000878, 0, 1, 1, 1, 1, 1, 1
0.0001182, 0, 1, 1, 1, 0, 1, 1
0.0001488, 0, 1, 1, 1, 1, 1, 1
0.0001793, 0, 1, 1, 1, 0, 1, 1
0.0002099, 0, 1, 1, 1, 1, 1, 1
0.0002403, 0, 1, 1, 1, 0, 1, 1
0.0002709, 0, 1, 1, 1, 1, 1, 1
0.0003013, 0, 1, 1, 1, 0, 1, 1
0.0003320, 0, 1, 1, 1, 1, 1, 1
0.0003624, 0, 1, 1, 1, 0, 1, 1
0.0003930, 0, 1, 1, 1, 1, 1, 1
0.0004234, 0, 1, 1, 1, 0, 1, 1
0.0004540, 0, 1, 1, 1, 1, 1, 1
0.0004845, 0, 1, 1, 1, 0, 1, 1
0.0005151, 0, 1, 1, 1, 1, 1, 1
0.0005455, 0, 1, 1, 1, 0, 1, 1
0.0005761, 0, 1, 1, 1, 1, 1, 1
0.0006065, 0, 1, 1, 1, 0, 1, 1
0.0006372, 0, 1, 1, 1, 1, 1, 1
0.0006676, 0, 1, 1, 1, 0, 1, 1
0.0006982, 0, 1, 1, 1, 1, 1, 1
0.0007286, 0, 1, 1, 1, 0, 1, 1
0.0007592, 0, 1, 1, 1, 1, 1, 1
0.0007897, 0, 1, 1, 1, 0, 1, 1
0.0008203, 0, 1, 1, 1, 1, 1, 1
0.0008507, 0, 1, 1, 1, 0, 1, 1
0.0008813, 0, 1, 1, 1, 1, 1, 1
0.0009117, 0, 1, 1, 1, 0, 1, 1
0.0009423, 0, 1, 1, 1, 1, 1, 1
0.0009728, 0, 1, 1, 1, 0, 1, 1
0.0010034, 0, 1, 1, 1, 1, 1, 1
0.0010338, 0, 1, 1, 1, 0, 1, 1
0.0010644, 0, 1, 1, 1, 1, 1, 1
0.0010948, 0, 1, 1, 1, 0, 1, 1
0.0011255, 0, 1, 1, 1, 1, 1, 1
0.0011559, 0, 1, 1, 1, 0, 1, 1
0.0011865, 0, 1, 1, 1, 1, 1, 1
0.0012169, 0, 1, 1, 1, 0, 1, 1
0.0012475, 0, 1, 1, 1, 1, 1, 1
0.0012780, 0, 1, 1, 1, 0, 1, 1
0.0013086, 0, 1, 1, 1, 1, 1, 1
0.0013390, 0, 1, 1, 1, 0, 1, 1
0.0013696, 0, 1, 1, 1, 1, 1, 1
0.0014000, 0, 1, 1, 1, 0, 1, 1
0.0014307, 0, 1, 1, 1, 1, 1, 1
0.0014611, 0, 1, 1, 1, 0, 1, 1
0.0014917, 0, 1, 1, 1, 1, 1, 1
0.0015221, 0, 1, 1, 1, 0, 1, 1
0.0015527, 0, 1, 1, 1, 1, 1, 1
0.0015832, 0, 1, 1, 1, 0, 1, 1
0.0016138, 0, 1, 1, 1, 1, 1, 1
0.0016442, 0, 1, 1, 1, 0, 1, 1
0.0016748, 0, 1, 1, 1, 1, 1, 1
0.0017052, 0, 1, 1, 1, 0, 1, 1
0.0017359, 0, 1, 1, 1, 1, 1, 1
0.0017663, 0, 1, 1, 1, 0, 1, 1
0.0017969, 0, 1, 1, 1, 1, 1, 1
0.0018273, 0, 1, 1, 1, 0, 1, 1
0.0018579, 0, 1, 1, 1, 1, 1, 1
0.0018884, 0, 1, 1, 1, 0, 1, 1
0.0019190, 0, 1, 1, 1, 1, 1, 1
0.0019494, 0, 1, 1, 1, 0, 1, 1
0.0019800, 0, 1, 1, 1, 1, 1, 1
0.0020104, 0, 1, 1, 1, 0, 1, 1
0.0020411, 0, 1, 1, 1, 1, 1, 1
0.0020715, 0, 1, 1, 1, 0, 1, 1
0.0021021, 0, 1, 1, 1, 1, 1, 1
0.0021325, 0, 1, 1, 1, 0, 1, 1
0.0021631, 0, 1, 1, 1, 1, 1, 1
0.0021936, 0, 1, 1, 1, 0, 1, 1
0.0022242, 0, 1, 1, 1, 1, 1, 1
0.0022546, 0, 1, 1, 1, 0, 1, 1
0.0022852, 0, 1, 1, 1, 1, 1, 1
0.0023156, 0, 1, 1, 1, 0, 1, 1
0.0023463, 0, 1, 1, 1, 1, 1, 1
0.0023767, 0, 1, 1, 1, 0, 1, 1
0.0024073, 0, 1, 1, 1, 1, 1, 1
0.0024377, 0, 1, 1, 1, 0, 1, 1
0.0024683, 0, 1, 1, 1, 1, 1, 1
0.0024988, 0, 1, 1, 1, 0, 1, 1
0.0025294, 0, 1, 1, 1, 1, 1, 1
0.0025598, 0, 1, 1, 1, 0, 1, 1
0.0025904, 0, 1, 1, 1, 1, 1, 1
0.0026208, 0, 1, 1, 1, 0, 1, 1
0.0026515, 0, 1, 1, 1, 1, 1, 1
0.0026819, 0, 1, 1, 1, 0, 1, 1
0.0027125, 0, 1, 1, 1, 1, 1, 1
0.0027429, 0, 1, 1, 1, 0, 1, 1
0.0027735, 0, 1, 1, 1, 1, 1, 1
0.0028040, 0, 1, 1, 1, 0, 1, 1
0.0028346, 0, 1, 1, 1, 1, 1, 1
0.0028650, 0, 1, 1, 1, 0, 1, 1
0.0028956, 0, 1, 1, 1, 1, 1, 1
0.0029260, 0, 1, 1, 1, 0, 1, 1
0.0029566, 0, 1, 1, 1, 1, 1, 1
0.0029871, 0, 1, 1, 1, 0, 1, 1
0.0030177, 0, 1, 1, 1, 1, 1, 1
0.0030481, 0, 1, 1, 1, 0, 1, 1
0.0030787, 0, 1, 1, 1, 1, 1, 1
0.0031091, 0, 1, 1, 1, 0, 1, 1
0.0031398, 0, 1, 1, 1, 1, 1, 1
0.0031702, 0, 1, 1, 1, 0, 1, 1
0.0032008, 0, 1, 1, 1, 1, 1, 1
0.0032312, 0, 1, 1, 1, 0, 1, 1
0.0032618, 0, 1, 1, 1, 1, 1, 1
0.0032923, 0, 1, 1, 1, 0, 1, 1
0.0033229, 0, 1, 1, 1, 1, 1, 1
0.0033533, 0, 1, 1, 1, 0, 1, 1
0.0033839, 0, 1, 1, 1, 1, 1, 1
0.0034143, 0, 1, 1, 1, 0, 1, 1
0.0034450, 0, 1, 1, 1, 1, 1, 1
0.0034754, 0, 1, 1, 1, 0, 1, 1
0.0035060, 0, 1, 1, 1, 1, 1, 1
0.0035364, 0, 1, 1, 1, 0, 1, 1
0.0035670, 0, 1, 1, 1, 1, 1, 1
0.0035975, 0, 1, 1, 1, 0, 1, 1
0.0036281, 0, 1, 1, 1, 1, 1, 1
0.0036585, 0, 1, 1, 1, 0, 1, 1
0.0036891, 0, 1, 1, 1, 1, 1, 1
0.0037195, 0, 1, 1, 1, 0, 1, 1
0.0037502, 0, 1, 1, 1, 1, 1, 1
0.0037806, 0, 1, 1, 1, 0, 1, 1
0.0038112, 0, 1, 1, 1, 1, 1, 1
0.0038416, 0, 1, 1, 1, 0, 1, 1
0.0038722, 0, 1, 1, 1, 1, 1, 1
0.0039027, 0, 1, 1, 1, 0, 1, 1
0.0039333, 0, 1, 1, 1, 1, 1, 1
0.0039637, 0, 1, 1, 1, 0, 1, 1
0.0039943, 0, 1, 1, 1, 1, 1, 1
0.0040247, 0, 1, 1, 1, 0, 1, 1
0.0040554, 0, 1, 1, 1, 1, 1, 1
0.0040858, 0, 1, 1, 1, 0, 1, 1
0.0041164, 0, 1, 1, 1, 1, 1, 1
0.0041468, 0, 1, 1, 1, 0, 1, 1
0.0041774, 0, 1, 1, 1, 1, 1, 1
0.0042079, 0, 1, 1, 1, 0, 1, 1
0.0042385, 0, 1, 1, 1, 1, 1, 1
0.0042689, 0, 1, 1, 1, 0, 1, 1
0.0042995, 0, 1, 1, 1, 1, 1, 1
0.0043299, 0, 1, 1, 1, 0, 1, 1
0.0043606, 0, 1, 1, 1, 1, 1, 1
0.0043910, 0, 1, 1, 1, 0, 1, 1
0.0044216, 0, 1, 1, 1, 1, 1, 1
0.0044520, 0, 1, 1, 1, 0, 1, 1
0.0044826, 0, 1, 1, 1, 1, 1, 1
0.0045131, 0, 1, 1, 1, 0, 1, 1
0.0045437, 0, 1, 1, 1, 1, 1, 1
0.0045741, 0, 1, 1, 1, 0, 1, 1
0.0046047, 0, 1, 1, 1, 1, 1, 1
0.0046351, 0, 1, 1, 1, 0, 1, 1
0.0046658, 0, 1, 1, 1, 1, 1, 1
0.0046962, 0, 1, 1, 1, 0, 1, 1
0.0047268, 0, 1, 1, 1, 1, 1, 1
0.0047572, 0, 1, 1, 1, 0, 1, 1
0.0047878, 0, 1, 1, 1, 1, 1, 1
0.0048183, 0, 1, 1, 1, 0, 1, 1
0.0048489, 0, 1, 1, 1, 1, 1, 1
0.0048793, 0, 1, 1, 1, 0, 1, 1
0.0049099, 0, 1, 1, 1, 1, 1, 1
0.0049403, 0, 1, 1, 1, 0, 1, 1
0.0049709, 0, 1, 1, 1, 1, 1, 1
0.0050014, 0, 1, 1, 1, 0, 1, 1
0.0050320, 0, 1, 1, 1, 1, 1, 1
0.0050624, 0, 1, 1, 1, 0, 1, 1
0.0050930, 0, 1, 1, 1, 1, 1, 1
0.0051234, 0, 1, 1, 1, 0, 1, 1
0.0051541, 0, 1, 1, 1, 1, 1, 1
0.0051845, 0, 1, 1, 1, 0, 1, 1
0.0052151, 0, 1, 1, 1, 1, 1, 1
0.0052455, 0, 1, 1, 1, 0, 1, 1
0.0052761, 0, 1, 1, 1, 1, 1, 1
0.0053066, 0, 1, 1, 1, 0, 1, 1
0.0053372, 0, 1, 1, 1, 1, 1, 1
0.0053676, 0, 1, 1, 1, 0, 1, 1
0.0053982, 0, 1, 1, 1, 1, 1, 1
0.0054286, 0, 1, 1, 1, 0, 1, 1
0.0054593, 0, 1, 1, 1, 1, 1, 1
0.0054897, 0, 1, 1, 1, 0, 1, 1
0.0055203, 0, 1, 1, 1, 1, 1, 1
0.0055507, 0, 1, 1, 1, 0, 1, 1
0.0055813, 0, 1, 1, 1, 1, 1, 1
0.0056118, 0, 1, 1, 1, 0, 1, 1
0.0056424, 0, 1, 1, 1, 1, 1, 1
0.0056728, 0, 1, 1, 1, 0, 1, 1
0.0057034, 0, 1, 1, 1, 1, 1, 1
0.0057338, 0, 1, 1, 1, 0, 1, 1
0.0057645, 0, 1, 1, 1, 1, 1, 1
0.0057949, 0, 1, 1, 1, 0, 1, 1
0.0058255, 0, 1, 1, 1, 1, 1, 1
0.0058559, 0, 1, 1, 1, 0, 1, 1
0.0058865, 0, 1, 1, 1, 1, 1, 1
0.0059170, 0, 1, 1, 1, 0, 1, 1
0.0059476, 0, 1, 1, 1, 1, 1, 1
0.0059780, 0, 1, 1, 1, 0, 1, 1
0.0060086, 0, 1, 1, 1, 1, 1, 1
0.0060390, 0, 1, 1, 1, 0, 1, 1
0.0060697, 0, 1, 1, 1, 1, 1, 1
0.0061001, 0, 1, 1, 1, 0, 1, 1
0.0061307, 0, 1, 1, 1, 1, 1, 1
0.0061611, 0, 1, 1, 1, 0, 1, 1
0.0061917, 0, 1, 1, 1, 1, 1, 1
0.0062222, 0, 1, 1, 1, 0, 1, 1
0.0062528, 0, 1, 1, 1, 1, 1, 1
0.0062832, 0, 1, 1, 1, 0, 1, 1
0.0063138, 0, 1, 1, 1, 1, 1, 1
0.0063442, 0, 1, 1, 1, 0, 1, 1
0.0063749, 0, 1, 1, 1, 1, 1, 1
0.0064053, 0, 1, 1, 1, 0, 1, 1
0.0064359, 0, 1, 1, 1, 1, 1, 1
0.0064663, 0, 1, 1, 1, 0, 1, 1
0.0064969, 0, 1, 1, 1, 1, 1, 1
0.0065274, 0, 1, 1, 1, 0, 1, 1
0.0065580, 0, 1, 1, 1, 1, 1, 1
0.0065884, 0, 1, 1, 1, 0, 1, 1
0.0066190, 0, 1, 1, 1, 1, 1, 1
0.0066494, 0, 1, 1, 1, 0, 1, 1
0.0066801, 0, 1, 1, 1, 1, 1, 1
0.0067105, 0, 1, 1, 1, 0, 1, 1
0.0067411, 0, 1, 1, 1, 1, 1, 1
0.0067715, 0, 1, 1, 1, 0, 1, 1
0.0068021, 0, 1, 1, 1, 1, 1, 1
0.0068326, 0, 1, 1, 1, 0, 1, 1
0.0068632, 0, 1, 1, 1, 1, 1, 1
0.0068936, 0, 1, 1, 1, 0, 1, 1
0.0069242, 0, 1, 1, 1, 1, 1, 1
0.0069546, 0, 1, 1, 1, 0, 1, 1
0.0069853, 0, 1, 1, 1, 1, 1, 1
0.0070157, 0, 1, 1, 1, 0, 1, 1
0.0070463, 0, 1, 1, 1, 1, 1, 1
0.0070767, 0, 1, 1, 1, 0, 1, 1
0.0071073, 0, 1, 1, 1, 1, 1, 1
0.0071378, 0, 1, 1, 1, 0, 1, 1
0.0071684, 0, 1, 1, 1, 1, 1, 1
0.0071988, 0, 1, 1, 1, 0, 1, 1
0.0072294, 0, 1, 1, 1, 1, 1, 1
0.0072598, 0, 1, 1, 1, 0, 1, 1
0.0072904, 0, 1, 1, 1, 1, 1, 1
0.0073209, 0, 1, 1, 1, 0, 1, 1
0.0073515, 0, 1, 1, 1, 1, 1, 1
0.0073819, 0, 1, 1, 1, 0, 1, 1
0.0074125, 0, 1, 1, 1, 1, 1, 1
0.0074429, 0, 1, 1, 1, 0, 1, 1
0.0074736, 0, 1, 1, 1, 1, 1, 1
0.0075040, 0, 1, 1, 1, 0, 1, 1
0.0075346, 0, 1, 1, 1, 1, 1, 1
0.0075650, 0, 1, 1, 1, 0, 1, 1
0.0075956, 0, 1, 1, 1, 1, 1, 1
0.0076261, 0, 1, 1, 1, 0, 1, 1
0.0076567, 0, 1, 1, 1, 1, 1, 1
0.0076871, 0, 1, 1, 1, 0, 1, 1
0.0077177, 0, 1, 1, 1, 1, 1, 1
0.0077481, 0, 1, 1, 1, 0, 1, 1
0.0077788, 0, 1, 1, 1, 1, 1, 1
0.0078092, 0, 1, 1, 1, 0, 1, 1
0.0078398, 0, 1, 1, 1, 1, 1, 1
0.0078702, 0, 1, 1, 1, 0, 1, 1
0.0079008, 0, 1, 1, 1, 1, 1, 1
0.0079313, 0, 1, 1, 1, 0, 1, 1
0.0079619, 0, 1, 1, 1, 1, 1, 1
0.0079923, 0, 1, 1, 1, 0, 1, 1
0.0080229, 0, 1, 1, 1, 1, 1, 1
0.0080533, 0, 1, 1, 1, 0, 1, 1
0.0080840, 0, 1, 1, 1, 1, 1, 1
0.0081144, 0, 1, 1, 1, 0, 1, 1
0.0081450, 0, 1, 1, 1, 1, 1, 1
0.0081754, 0, 1, 1, 1, 0, 1, 1
0.0082060, 0, 1, 1, 1, 1, 1, 1
0.0082365, 0, 1, 1, 1, 0, 1, 1
0.0082671, 0, 1, 1, 1, 1, 1, 1
0.0082975, 0, 1, 1, 1, 0, 1, 1
0.0083281, 0, 1, 1, 1, 1, 1, 1
0.0083585, 0, 1, 1, 1, 0, 1, 1
0.0083892, 0, 1, 1, 1, 1, 1, 1
0.0084196, 0, 1, 1, 1, 0, 1, 1
0.0084502, 0, 1, 1, 1, 1, 1, 1
0.0084806, 0, 1, 1, 1, 0, 1, 1
0.0085112, 0, 1, 1, 1, 1, 1, 1
0.0085417, 0, 1, 1, 1, 0, 1, 1
0.0085723, 0, 1, 1, 1, 1, 1, 1
0.0086027, 0, 1, 1, 1, 0, 1, 1
0.0086333, 0, 1, 1, 1, 1, 1, 1
0.0086637, 0, 1, 1, 1, 0, 1, 1
0.0086944, 0, 1, 1, 1, 1, 1, 1
0.0087248, 0, 1, 1, 1, 0, 1, 1
0.0087554, 0, 1, 1, 1, 1, 1, 1
0.0087858, 0, 1, 1, 1, 0, 1, 1
0.0088164, 0, 1, 1, 1, 1, 1, 1
0.0088469, 0, 1, 1, 1, 0, 1, 1
0.0088775, 0, 1, 1, 1, 1, 1, 1
0.0089079, 0, 1, 1, 1, 0, 1, 1
0.0089385, 0, 1, 1, 1, 1, 1, 1
0.0089689, 0, 1, 1, 1, 0, 1, 1
0.0089996, 0, 1, 1, 1, 1, 1, 1
0.0090300, 0, 1, 1, 1, 0, 1, 1
0.0090606, 0, 1, 1, 1, 1, 1, 1
0.0090910, 0, 1, 1, 1, 0, 1, 1
0.0091216, 0, 1, 1, 1, 1, 1, 1
0.0091521, 0, 1, 1, 1, 0, 1, 1
0.0091827, 0, 1, 1, 1, 1, 1, 1
0.0092131, 0, 1, 1, 1, 0, 1, 1
0.0092437, 0, 1, 1, 1, 1, 1, 1
0.0092741, 0, 1, 1, 1, 0, 1, 1
0.0093047, 0, 1, 1, 1, 1, 1, 1
0.0093352, 0, 1, 1, 1, 0, 1, 1
0.0093658, 0, 1, 1, 1, 1, 1, 1
0.0093962, 0, 1, 1, 1, 0, 1, 1
0.0094268, 0, 1, 1, 1, 1, 1, 1
0.0094572, 0, 1, 1, 1, 0, 1, 1
0.0094879, 0, 1, 1, 1, 1, 1, 1
0.0095183, 0, 1, 1, 1, 0, 1, 1
0.0095489, 0, 1, 1, 1, 1, 1, 1
0.0095793, 0, 1, 1, 1, 0, 1, 1
0.0096099, 0, 1, 1, 1, 1, 1, 1
0.0096404, 0, 1, 1, 1, 0, 1, 1
0.0096710, 0, 1, 1, 1, 1, 1, 1
0.0097014, 0, 1, 1, 1, 0, 1, 1
0.0097320, 0, 1, 1, 1, 1, 1, 1
0.0097624, 0, 1, 1, 1, 0, 1, 1
0.0097931, 0, 1, 1, 1, 1, 1, 1
0.0098235, 0, 1, 1, 1, 0, 1, 1
0.0098541, 0, 1, 1, 1, 1, 1, 1
0.0098845, 0, 1, 1, 1, 0, 1, 1
0.0099151, 0, 1, 1, 1, 1, 1, 1
0.0099456, 0, 1, 1, 1, 0, 1, 1
0.0099762, 0, 1, 1, 1, 1, 1, 1
0.0100066, 0, 1, 1, 1, 0, 1, 1
0.0100372, 0, 1, 1, 1, 1, 1, 1
0.0100676, 0, 1, 1, 1, 0, 1, 1
0.0100983, 0, 1, 1, 1, 1, 1, 1
0.0101287, 0, 1, 1, 1, 0, 1, 1
0.0101593, 0, 1, 1, 1, 1, 1, 1
0.0101897, 0, 1, 1, 1, 0, 1, 1
0.0102203, 0, 1, 1, 1, 1, 1, 1
0.0102508, 0, 1, 1, 1, 0, 1, 1
0.0102814, 0, 1, 1, 1, 1, 1, 1
0.0103118, 0, 1, 1, 1, 0, 1, 1
0.0103424, 0, 1, 1, 1, 1, 1, 1
0.0103728, 0, 1, 1, 1, 0, 1, 1
0.0104035, 0, 1, 1, 1, 1, 1, 1
0.0104339, 0, 1, 1, 1, 0, 1, 1
0.0104645, 0, 1, 1, 1, 1, 1, 1
0.0104949, 0, 1, 1, 1, 0, 1, 1
0.0105255, 0, 1, 1, 1, 1, 1, 1
0.0105560, 0, 1, 1, 1, 0, 1, 1
0.0105866, 0, 1, 1, 1, 1, 1, 1
0.0106170, 0, 1, 1, 1, 0, 1, 1
0.0106476, 0, 1, 1, 1, 1, 1, 1
0.0106780, 0, 1, 1, 1, 0, 1, 1
0.0107087, 0, 1, 1, 1, 1, 1, 1
0.0107391, 0, 1, 1, 1, 0, 1, 1
0.0107697, 0, 1, 1, 1, 1, 1, 1
0.0108001, 0, 1, 1, 1, 0, 1, 1
0.0108307, 0, 1, 1, 1, 1, 1, 1
0.0108612, 0, 1, 1, 1, 0, 1, 1
0.0108918, 0, 1, 1, 1, 1, 1, 1
0.0109222, 0, 1, 1, 1, 0, 1, 1
0.0109528, 0, 1, 1, 1, 1, 1, 1
0.0109832, 0, 1, 1, 1, 0, 1, 1
0.0110139, 0, 1, 1, 1, 1, 1, 1
0.0110443, 0, 1, 1, 1, 0, 1, 1
0.0110749, 0, 1, 1, 1, 1, 1, 1
0.0111053, 0, 1, 1, 1, 0, 1, 1
0.0111359, 0, 1, 1, 1, 1, 1, 1
0.0111664, 0, 1, 1, 1, 0, 1, 1
0.0111970, 0, 1, 1, 1, 1, 1, 1
0.0112274, 0, 1, 1, 1, 0, 1, 1
0.0112580, 0, 1, 1, 1, 1, 1, 1
0.0112884, 0, 1, 1, 1, 0, 1, 1
0.0113190, 0, 1, 1, 1, 1, 1, 1
0.0113495, 0, 1, 1, 1, 0, 1, 1
0.0113801, 0, 1, 1, 1, 1, 1, 1
0.0114105, 0, 1, 1, 1, 0, 1, 1
0.0114411, 0, 1, 1, 1, 1, 1, 1
0.0114715, 0, 1, 1, 1, 0, 1, 1
0.0115022, 0, 1, 1, 1, 1, 1, 1
0.0115326, 0, 1, 1, 1, 0, 1, 1
0.0115632, 0, 1, 1, 1, 1, 1, 1
0.0115936, 0, 1, 1, 1, 0, 1, 1
0.0116242, 0, 1, 1, 1, 1, 1, 1
0.0116547, 0, 1, 1, 1, 0, 1, 1
0.0116853, 0, 1, 1, 1, 1, 1, 1
0.0117157, 0, 1, 1, 1, 0, 1, 1
0.0117463, 0, 1, 1, 1, 1, 1, 1
0.0117767, 0, 1, 1, 1, 0, 1, 1
0.0118074, 0, 1, 1, 1, 1, 1, 1
0.0118378, 0, 1, 1, 1, 0, 1, 1
0.0118684, 0, 1, 1, 1, 1, 1, 1
0.0118988, 0, 1, 1, 1, 0, 1, 1
0.0119294, 0, 1, 1, 1, 1, 1, 1
0.0119599, 0, 1, 1, 1, 0, 1, 1
0.0119905, 0, 1, 1, 1, 1, 1, 1
0.0120209, 0, 1, 1, 1, 0, 1, 1
0.0120515, 0, 1, 1, 1, 1, 1, 1
0.0120819, 0, 1, 1, 1, 0, 1, 1
0.0121126, 0, 1, 1, 1, 1, 1, 1
0.0121430, 0, 1, 1, 1, 0, 1, 1
0.0121736, 0, 1, 1, 1, 1, 1, 1
0.0122040, 0, 1, 1, 1, 0, 1, 1
0.0122346, 0, 1, 1, 1, 1, 1, 1
0.0122651, 0, 1, 1, 1, 0, 1, 1
0.0122957, 0, 1, 1, 1, 1, 1, 1
0.0123261, 0, 1, 1, 1, 0, 1, 1
0.0123567, 0, 1, 1, 1, 1, 1, 1
0.0123871, 0, 1, 1, 1, 0, 1, 1
0.0124178, 0, 1, 1, 1, 1, 1, 1
0.0124482, 0, 1, 1, 1, 0, 1, 1
0.0124788, 0, 1, 1, 1, 1, 1, 1
0.0125092, 0, 1, 1, 1, 0, 1, 1
0.0125398, 0, 1, 1, 1, 1, 1, 1
0.0125703, 0, 1, 1, 1, 0, 1, 1
0.0126009, 0, 1, 1, 1, 1, 1, 1
0.0126313, 0, 1, 1, 1, 0, 1, 1
0.0126619, 0, 1, 1, 1, 1, 1, 1
0.0126923, 0, 1, 1, 1, 0, 1, 1
0.0127230, 0, 1, 1, 1, 1, 1, 1
0.0127534, 0, 1, 1, 1, 0, 1, 1
0.0127840, 0, 1, 1, 1, 1, 1, 1
0.0128144, 0, 1, 1, 1, 0, 1, 1
0.0128450, 0, 1, 1, 1, 1, 1, 1
0.0128755, 0, 1, 1, 1, 0, 1, 1
0.0129061, 0, 1, 1, 1, 1, 1, 1
0.0129365, 0, 1, 1, 1, 0, 1, 1
0.0129671, 0, 1, 1, 1, 1, 1, 1
0.0129975, 0, 1, 1, 1, 0, 1, 1
0.0130282, 0, 1, 1, 1, 1, 1, 1
0.0130586, 0, 1, 1, 1, 0, 1, 1
0.0130892, 0, 1, 1, 1, 1, 1, 1
0.0131196, 0, 1, 1, 1, 0, 1, 1
0.0131502, 0, 1, 1, 1, 1, 1, 1
0.0131807, 0, 1, 1, 1, 0, 1, 1
0.0132113, 0, 1, 1, 1, 1, 1, 1
0.0132417, 0, 1, 1, 1, 0, 1, 1
0.0132723, 0, 1, 1, 1, 1, 1, 1
0.0133027, 0, 1, 1, 1, 0, 1, 1
0.0133333, 0, 1, 1, 1, 1, 1, 1
0.0133638, 0, 1, 1, 1, 0, 1, 1
0.0133944, 0, 1, 1, 1, 1, 1, 1
0.0134248, 0, 1, 1, 1, 0, 1, 1
0.0134554, 0, 1, 1, 1, 1, 1, 1
0.0134858, 0, 1, 1, 1, 0, 1, 1
0.0135165, 0, 1, 1, 1, 1, 1, 1
0.0135469, 0, 1, 1, 1, 0, 1, 1
0.0135775, 0, 1, 1, 1, 1, 1, 1
0.0136079, 0, 1, 1, 1, 0, 1, 1
0.0136385, 0, 1, 1, 1, 1, 1, 1
0.0136690, 0, 1, 1, 1, 0, 1, 1
0.0136996, 0, 1, 1, 1, 1, 1, 1
0.0137300, 0, 1, 1, 1, 0, 1, 1
0.0137606, 0, 1, 1, 1, 1, 1, 1
0.0137910, 0, 1, 1, 1, 0, 1, 1
0.0138217, 0, 1, 1, 1, 1, 1, 1
0.0138521, 0, 1, 1, 1, 0, 1, 1
0.0138827, 0, 1, 1, 1, 1, 1, 1
0.0139131, 0, 1, 1, 1, 0, 1, 1
0.0139437, 0, 1, 1, 1, 1, 1, 1
0.0139742, 0, 1, 1, 1, 0, 1, 1
0.0140048, 0, 1, 1, 1, 1, 1, 1
0.0140352, 0, 1, 1, 1, 0, 1, 1
0.0140658, 0, 1, 1, 1, 1, 1, 1
0.0140962, 0, 1, 1, 1, 0, 1, 1
0.0141269, 0, 1, 1, 1, 1, 1, 1
0.0141573, 0, 1, 1, 1, 0, 1, 1
0.0141879, 0, 1, 1, 1, 1, 1, 1
0.0142183, 0, 1, 1, 1, 0, 1, 1
0.0142489, 0, 1, 1, 1, 1, 1, 1
0.0142794, 0, 1, 1, 1, 0, 1, 1
0.0143100, 0, 1, 1, 1, 1, 1, 1
0.0143404, 0, 1, 1, 1, 0, 1, 1
0.0143710, 0, 1, 1, 1, 1, 1, 1
0.0144014, 0, 1, 1, 1, 0, 1, 1
0.0144321, 0, 1, 1, 1, 1, 1, 1
0.0144625, 0, 1, 1, 1, 0, 1, 1
0.0144931, 0, 1, 1, 1, 1, 1, 1
0.0145235, 0, 1, 1, 1, 0, 1, 1
0.0145541, 0, 1, 1, 1, 1, 1, 1
0.0145846, 0, 1, 1, 1, 0, 1, 1
0.0146152, 0, 1, 1, 1, 1, 1, 1
0.0146456, 0, 1, 1, 1, 0, 1, 1
0.0146762, 0, 1, 1, 1, 1, 1, 1
0.0147066, 0, 1, 1, 1, 0, 1, 1
0.0147373, 0, 1, 1, 1, 1, 1, 1
0.0147677, 0, 1, 1, 1, 0, 1, 1
0.0147983, 0, 1, 1, 1, 1, 1, 1
0.0148287, 0, 1, 1, 1, 0, 1, 1
0.0148593, 0, 1, 1, 1, 1, 1, 1
0.0148898, 0, 1, 1, 1, 0, 1, 1
0.0149204, 0, 1, 1, 1, 1, 1, 1
0.0149508, 0, 1, 1, 1, 0, 1, 1
0.0149814, 0, 1, 1, 1, 1, 1, 1
0.0150118, 0, 1, 1, 1, 0, 1, 1
0.0150425, 0, 1, 1, 1, 1, 1, 1
0.0150729, 0, 1, 1, 1, 0, 1, 1
0.0151035, 0, 1, 1, 1, 1, 1, 1
0.0151339, 0, 1, 1, 1, 0, 1, 1
0.0151645, 0, 1, 1, 1, 1, 1, 1
0.0151950, 0, 1, 1, 1, 0, 1, 1
0.0152256, 0, 1, 1, 1, 1, 1, 1
0.0152560, 0, 1, 1, 1, 0, 1, 1
0.0152866, 0, 1, 1, 1, 1, 1, 1
0.0153170, 0, 1, 1, 1, 0, 1, 1
0.0153476, 0, 1, 1, 1, 1, 1, 1
0.0153781, 0, 1, 1, 1, 0, 1, 1
0.0154087, 0, 1, 1, 1, 1, 1, 1
0.0154391, 0, 1, 1, 1, 0, 1, 1
0.0154697, 0, 1, 1, 1, 1, 1, 1
0.0155001, 0, 1, 1, 1, 0, 1, 1
0.0155308, 0, 1, 1, 1, 1, 1, 1
0.0155612, 0, 1, 1, 1, 0, 1, 1
0.0155918, 0, 1, 1, 1, 1, 1, 1
0.0156222, 0, 1, 1, 1, 0, 1, 1
0.0156528, 0, 1, 1, 1, 1, 1, 1
0.0156833, 0, 1, 1, 1, 0, 1, 1
0.0157139, 0, 1, 1, 1, 1, 1, 1
0.0157443, 0, 1, 1, 1, 0, 1, 1
0.0157749, 0, 1, 1, 1, 1, 1, 1
0.0158053, 0, 1, 1, 1, 0, 1, 1
0.0158360, 0, 1, 1, 1, 1, 1, 1
0.0158664, 0, 1, 1, 1, 0, 1, 1
0.0158970, 0, 1, 1, 1, 1, 1, 1
0.0159274, 0, 1, 1, 1, 0, 1, 1
0.0159580, 0, 1, 1, 1, 1, 1, 1
0.0159885, 0, 1, 1, 1, 0, 1, 1
0.0160191, 0, 1, 1, 1, 1, 1, 1
0.0160495, 0, 1, 1, 1, 0, 1, 1
0.0160801, 0, 1, 1, 1, 1, 1, 1
0.0161105, 0, 1, 1, 1, 0, 1, 1
0.0161412, 0, 1, 1, 1, 1, 1, 1
0.0161716, 0, 1, 1, 1, 0, 1, 1
0.0162022, 0, 1, 1, 1, 1, 1, 1
0.0162326, 0, 1, 1, 1, 0, 1, 1
0.0162632, 0, 1, 1, 1, 1, 1, 1
0.0162937, 0, 1, 1, 1, 0, 1, 1
0.0163243, 0, 1, 1, 1, 1, 1, 1
0.0163547, 0, 1, 1, 1, 0, 1, 1
0.0163853, 0, 1, 1, 1, 1, 1, 1
0.0164157, 0, 1, 1, 1, 0, 1, 1
0.0164464, 0, 1, 1, 1, 1, 1, 1
0.0164768, 0, 1, 1, 1, 0, 1, 1
0.0165074, 0, 1, 1, 1, 1, 1, 1
0.0165378, 0, 1, 1, 1, 0, 1, 1
0.0165684, 0, 1, 1, 1, 1, 1, 1
0.0165989, 0, 1, 1, 1, 0, 1, 1
0.0166295, 0, 1, 1, 1, 1, 1, 1
0.0166599, 0, 1, 1, 1, 0, 1, 1
0.0166905, 0, 1, 1, 1, 1, 1, 1
0.0167209, 0, 1, 1, 1, 0, 1, 1
0.0167516, 0, 1, 1, 1, 1, 1, 1
0.0167820, 0, 1, 1, 1, 0, 1, 1
0.0168126, 0, 1, 1, 1, 1, 1, 1
0.0168430, 0, 1, 1, 1, 0, 1, 1
0.0168736, 0, 1, 1, 1, 1, 1, 1
0.0169041, 0, 1, 1, 1, 0, 1, 1
0.0169347, 0, 1, 1, 1, 1, 1, 1
0.0169651, 0, 1, 1, 1, 0, 1, 1
0.0169957, 0, 1, 1, 1, 1, 1, 1
0.0170261, 0, 1, 1, 1, 0, 1, 1
0.0170568, 0, 1, 1, 1, 1, 1, 1
0.0170872, 0, 1, 1, 1, 0, 1, 1
0.0171178, 0, 1, 1, 1, 1, 1, 1
0.0171482, 0, 1, 1, 1, 0, 1, 1
0.0171788, 0, 1, 1, 1, 1, 1, 1
0.0172093, 0, 1, 1, 1, 0, 1, 1
0.0172399, 0, 1, 1, 1, 1, 1, 1
0.0172703, 0, 1, 1, 1, 0, 1, 1
0.0173009, 0, 1, 1, 1, 1, 1, 1
0.0173313, 0, 1, 1, 1, 0, 1, 1
0.0173619, 0, 1, 1, 1, 1, 1, 1
0.0173924, 0, 1, 1, 1, 0, 1, 1
0.0174230, 0, 1, 1, 1, 1, 1, 1
0.0174534, 0, 1, 1, 1, 0, 1, 1
0.0174840, 0, 1, 1, 1, 1, 1, 1
0.0175145, 0, 1, 1, 1, 0, 1, 1
0.0175451, 0, 1, 1, 1, 1, 1, 1
0.0175755, 0, 1, 1, 1, 0, 1, 1
0.0176061, 0, 1, 1, 1, 1, 1, 1
0.0176365, 0, 1, 1, 1, 0, 1, 1
0.0176671, 0, 1, 1, 1, 1, 1, 1
0.0176976, 0, 1, 1, 1, 0, 1, 1
0.0177282, 0, 1, 1, 1, 1, 1, 1
0.0177586, 0, 1, 1, 1, 0, 1, 1
0.0177892, 0, 1, 1, 1, 1, 1, 1
0.0178196, 0, 1, 1, 1, 0, 1, 1
0.0178503, 0, 1, 1, 1, 1, 1, 1
0.0178807, 0, 1, 1, 1, 0, 1, 1
0.0179113, 0, 1, 1, 1, 1, 1, 1
0.0179417, 0, 1, 1, 1, 0, 1, 1
0.0179723, 0, 1, 1, 1, 1, 1, 1
0.0180028, 0, 1, 1, 1, 0, 1, 1
0.0180334, 0, 1, 1, 1, 1, 1, 1
0.0180638, 0, 1, 1, 1, 0, 1, 1
0.0180944, 0, 1, 1, 1, 1, 1, 1
0.0181248, 0, 1, 1, 1, 0, 1, 1
0.0181555, 0, 1, 1, 1, 1, 1, 1
0.0181859, 0, 1, 1, 1, 0, 1, 1
0.0182165, 0, 1, 1, 1, 1, 1, 1
0.0182469, 0, 1, 1, 1, 0, 1, 1
0.0182775, 0, 1, 1, 1, 1, 1, 1
0.0183080, 0, 1, 1, 1, 0, 1, 1
0.0183386, 0, 1, 1, 1, 1, 1, 1
0.0183690, 0, 1, 1, 1, 0, 1, 1
0.0183996, 0, 1, 1, 1, 1, 1, 1
0.0184300, 0, 1, 1, 1, 0, 1, 1
0.0184607, 0, 1, 1, 1, 1, 1, 1
0.0184911, 0, 1, 1, 1, 0, 1, 1
0.0185217, 0, 1, 1, 1, 1, 1, 1
0.0185521, 0, 1, 1, 1, 0, 1, 1
0.0185827, 0, 1, 1, 1, 1, 1, 1
0.0186132, 0, 1, 1, 1, 0, 1, 1
0.0186438, 0, 1, 1, 1, 1, 1, 1
0.0186742, 0, 1, 1, 1, 0, 1, 1
0.0187048, 0, 1, 1, 1, 1, 1, 1
0.0187352, 0, 1, 1, 1, 0, 1, 1
0.0187659, 0, 1, 1, 1, 1, 1, 1
0.0187963, 0, 1, 1, 1, 0, 1, 1
0.0188269, 0, 1, 1, 1, 1, 1, 1
0.0188573, 0, 1, 1, 1, 0, 1, 1
0.0188879, 0, 1, 1, 1, 1, 1, 1
0.0189184, 0, 1, 1, 1, 0, 1, 1
0.0189490, 0, 1, 1, 1, 1, 1, 1
0.0189794, 0, 1, 1, 1, 0, 1, 1
0.0190100, 0, 1, 1, 1, 1, 1, 1
0.0190404, 0, 1, 1, 1, 0, 1, 1
0.0190711, 0, 1, 1, 1, 1, 1, 1
0.0191015, 0, 1, 1, 1, 0, 1, 1
0.0191321, 0, 1, 1, 1, 1, 1, 1
0.0191625, 0, 1, 1, 1, 0, 1, 1
0.0191931, 0, 1, 1, 1, 1, 1, 1
0.0192236, 0, 1, 1, 1, 0, 1, 1
0.0192542, 0, 1, 1, 1, 1, 1, 1
0.0192693, 0, 1, 1, 1, 1, 0, 1
0.0192846, 0, 1, 1, 1, 0, 0, 1
0.0192847, 0, 1, 1, 1, 0, 1, 1
0.0192999, 0, 1, 1, 1, 0, 0, 1
0.0193151, 0, 1, 1, 1, 0, 1, 1
0.0193152, 0, 1, 1, 1, 1, 1, 1
0.0193304, 0, 1, 1, 1, 1, 0, 1
0.0193456, 0, 1, 1, 1, 0, 0, 1
0.0193457, 0, 1, 1, 1, 0, 1, 1
0.0193533, 0, 1, 1, 1, 0, 1, 0
0.0193609, 0, 1, 1, 1, 0, 0, 0
0.0193762, 0, 1, 1, 1, 1, 1, 0
0.0193914, 0, 1, 1, 1, 1, 0, 0
0.0194067, 0, 1, 1, 1, 0, 1, 0
0.0194219, 0, 1, 1, 1, 0, 0, 0
0.0194372, 0, 1, 1, 1, 0, 1, 0
0.0194373, 0, 1, 1, 1, 1, 1, 0
0.0194525, 0, 1, 1, 1, 1, 0, 0
0.0194677, 0, 1, 1, 1, 0, 0, 0
0.0194678, 0, 1, 1, 1, 0, 1, 0
0.0194830, 0, 1, 1, 1, 0, 0, 0
0.0194982, 0, 1, 1, 1, 0, 1, 0
0.0194983, 0, 1, 1, 1, 1, 1, 0
0.0195135, 0, 1, 1, 1, 1, 0, 0
0.0195288, 0, 1, 1, 1, 0, 1, 0
0.0195440, 0, 1, 1, 1, 0, 0, 0
0.0195593, 0, 1, 1, 1, 1, 1, 0
0.0195745, 0, 1, 1, 1, 1, 0, 0
0.0195822, 0, 1, 1, 1, 1, 0, 1
0.0195898, 0, 1, 1, 1, 0, 0, 1
0.0195899, 0, 1, 1, 1, 0, 1, 1
0.0196051, 0, 1, 1, 1, 0, 0, 1
0.0196203, 0, 1, 1, 1, 0, 1, 1
0.0196204, 0, 1, 1, 1, 1, 1, 1
0.0196356, 0, 1, 1, 1, 1, 0, 1
0.0196508, 0, 1, 1, 1, 0, 0, 1
0.0196509, 0, 1, 1, 1, 0, 1, 1
0.0196661, 0, 1, 1, 1, 0, 0, 1
0.0196737, 0, 1, 1, 1, 0, 0, 0
0.0196814, 0, 1, 1, 1, 1, 1, 0
0.0196966, 0, 1, 1, 1, 1, 0, 0
0.0197043, 0, 1, 1, 1, 1, 0, 1
0.0197119, 0, 1, 1, 1, 0, 1, 1
0.0197271, 0, 1, 1, 1, 0, 0, 1
0.0197424, 0, 1, 1, 1, 1, 1, 1
0.0197577, 0, 1, 1, 1, 1, 0, 1
0.0197729, 0, 1, 1, 1, 0, 0, 1
0.0197730, 0, 1, 1, 1, 0, 1, 1
0.0197882, 0, 1, 1, 1, 0, 0, 1
0.0197958, 0, 1, 1, 1, 0, 0, 0
0.0198034, 0, 1, 1, 1, 0, 1, 0
0.0198035, 0, 1, 1, 1, 1, 1, 0
0.0198187, 0, 1, 1, 1, 1, 0, 0
0.0198264, 0, 1, 1, 1, 1, 0, 1
0.0198339, 0, 1, 1, 1, 0, 0, 1
0.0198340, 0, 1, 1, 1, 0, 1, 1
0.0198492, 0, 1, 1, 1, 0, 0, 1
0.0198569, 0, 1, 1, 1, 0, 0, 0
0.0198645, 0, 1, 1, 1, 1, 1, 0
0.0198797, 0, 1, 1, 1, 1, 0, 0
0.0198950, 0, 1, 1, 1, 0, 0, 0
0.0198951, 0, 1, 1, 1, 0, 1, 0
0.0199103, 0, 1, 1, 1, 0, 0, 0
0.0199255, 0, 1, 1, 1, 0, 1, 0
0.0199256, 0, 1, 1, 1, 1, 1, 0
0.0199408, 0, 1, 1, 1, 1, 0, 0
0.0199560, 0, 1, 1, 1, 0, 0, 0
0.0199561, 0, 1, 1, 1, 0, 1, 0
0.0199713, 0, 1, 1, 1, 0, 0, 0
0.0199866, 0, 1, 1, 1, 1, 1, 0
0.0200018, 0, 1, 1, 1, 1, 0, 0
0.0200171, 0, 1, 1, 1, 0, 1, 0
0.0200323, 0, 1, 1, 1, 0, 0, 0
0.0200476, 0, 1, 1, 1, 1, 1, 0
0.0200629, 0, 1, 1, 1, 1, 0, 0
0.0200781, 0, 1, 1, 1, 0, 0, 0
0.0200782, 0, 1, 1, 1, 0, 1, 0
0.0200934, 0, 1, 1, 1, 0, 0, 0
0.0201086, 0, 1, 1, 1, 0, 1, 0
0.0201087, 0, 1, 1, 1, 1, 1, 0
0.0201239, 0, 1, 1, 1, 1, 0, 0
0.0201391, 0, 1, 1, 1, 0, 0, 0
0.0201392, 0, 1, 1, 1, 0, 1, 0
0.0201544, 0, 1, 1, 1, 0, 0, 0
0.0201697, 0, 1, 1, 1, 1, 1, 0
0.0201849, 0, 1, 1, 1, 1, 0, 0
0.0202002, 0, 1, 1, 1, 0, 0, 0
0.0202003, 0, 1, 1, 1, 0, 1, 0
0.0202155, 0, 1, 1, 1, 0, 0, 0
0.0202307, 0, 1, 1, 1, 0, 1, 0
0.0202308, 0, 1, 1, 1, 1, 1, 0
0.0202460, 0, 1, 1, 1, 1, 0, 0
0.0202612, 0, 1, 1, 1, 0, 0, 0
0.0202613, 0, 1, 1, 1, 0, 1, 0
0.0202765, 0, 1, 1, 1, 0, 0, 0
0.0202918, 0, 1, 1, 1, 1, 1, 0
0.0203070, 0, 1, 1, 1, 1, 0, 0
0.0203223, 0, 1, 1, 1, 0, 1, 0
0.0203375, 0, 1, 1, 1, 0, 0, 0
0.0203528, 0, 1, 1, 1, 1, 1, 0
0.0203681, 0, 1, 1, 1, 1, 0, 0
0.0203833, 0, 1, 1, 1, 0, 0, 0
0.0203834, 0, 1, 1, 1, 0, 1, 0
0.0203986, 0, 1, 1, 1, 0, 0, 0
0.0204138, 0, 1, 1, 1, 0, 1, 0
0.0204139, 0, 1, 1, 1, 1, 1, 0
0.0204291, 0, 1, 1, 1, 1, 0, 0
0.0204443, 0, 1, 1, 1, 0, 0, 0
0.0204444, 0, 1, 1, 1, 0, 1, 0
0.0204596, 0, 1, 1, 1, 0, 0, 0
0.0204749, 0, 1, 1, 1, 1, 1, 0
0.0204901, 0, 1, 1, 1, 1, 0, 0
0.0205054, 0, 1, 1, 1, 0, 0, 0
0.0205055, 0, 1, 1, 1, 0, 1, 0
0.0205207, 0, 1, 1, 1, 0, 0, 0
0.0205359, 0, 1, 1, 1, 0, 1, 0
0.0205360, 0, 1, 1, 1, 1, 1, 0
0.0205512, 0, 1, 1, 1, 1, 0, 0
0.0205588, 0, 1, 1, 1, 1, 0, 1
0.0205664, 0, 1, 1, 1, 0, 0, 1
0.0205665, 0, 1, 1, 1, 0, 1, 1
0.0205817, 0, 1, 1, 1, 0, 0, 1
0.0205970, 0, 1, 1, 1, 1, 1, 1
0.0206122, 0, 1, 1, 1, 1, 0, 1
0.0206275, 0, 1, 1, 1, 0, 1, 1
0.0206427, 0, 1, 1, 1, 0, 0, 1
0.0206580, 0, 1, 1, 1, 1, 1, 1
0.0206732, 0, 1, 1, 1, 1, 0, 1
0.0206885, 0, 1, 1, 1, 0, 0, 1
0.0206886, 0, 1, 1, 1, 0, 1, 1
0.0207038, 0, 1, 1, 1, 0, 0, 1
0.0207114, 0, 1, 1, 1, 0, 0, 0
0.0207190, 0, 1, 1, 1, 0, 1, 0
0.0207191, 0, 1, 1, 1, 1, 1, 0
0.0207343, 0, 1, 1, 1, 1, 0, 0
0.0207420, 0, 1, 1, 1, 1, 0, 1
0.0207495, 0, 1, 1, 1, 0, 0, 1
0.0207496, 0, 1, 1, 1, 0, 1, 1
0.0207648, 0, 1, 1, 1, 0, 0, 1
0.0207801, 0, 1, 1, 1, 1, 1, 1
0.0207953, 0, 1, 1, 1, 1, 0, 1
0.0208106, 0, 1, 1, 1, 0, 1, 1
0.0208258, 0, 1, 1, 1, 0, 0, 1
0.0208411, 0, 1, 1, 1, 0, 1, 1
0.0208412, 0, 1, 1, 1, 1, 1, 1
0.0208564, 0, 1, 1, 1, 1, 0, 1
0.0208640, 0, 1, 1, 1, 1, 0, 0
0.0208716, 0, 1, 1, 1, 0, 0, 0
0.0208717, 0, 1, 1, 1, 0, 1, 0
0.0208869, 0, 1, 1, 1, 0, 0, 0
0.0209022, 0, 1, 1, 1, 1, 1, 0
0.0209174, 0, 1, 1, 1, 1, 0, 0
0.0209251, 0, 1, 1, 1, 1, 0, 1
0.0209327, 0, 1, 1, 1, 0, 1, 1
0.0209479, 0, 1, 1, 1, 0, 0, 1
0.0209556, 0, 1, 1, 1, 0, 0, 0
0.0209632, 0, 1, 1, 1, 1, 1, 0
0.0209784, 0, 1, 1, 1, 1, 0, 0
0.0209937, 0, 1, 1, 1, 0, 0, 0
0.0209938, 0, 1, 1, 1, 0, 1, 0
0.0210090, 0, 1, 1, 1, 0, 0, 0
0.0210242, 0, 1, 1, 1, 0, 1, 0
0.0210243, 0, 1, 1, 1, 1, 1, 0
0.0210395, 0, 1, 1, 1, 1, 0, 0
0.0210547, 0, 1, 1, 1, 0, 0, 0
0.0210548, 0, 1, 1, 1, 0, 1, 0
0.0210700, 0, 1, 1, 1, 0, 0, 0
0.0210853, 0, 1, 1, 1, 1, 1, 0
0.0211005, 0, 1, 1, 1, 1, 0, 0
0.0211158, 0, 1, 1, 1, 0, 1, 0
0.0211310, 0, 1, 1, 1, 0, 0, 0
0.0211463, 0, 1, 1, 1, 0, 1, 0
0.0211464, 0, 1, 1, 1, 1, 1, 0
0.0211616, 0, 1, 1, 1, 1, 0, 0
0.0211768, 0, 1, 1, 1, 0, 0, 0
0.0211769, 0, 1, 1, 1, 0, 1, 0
0.0211921, 0, 1, 1, 1, 0, 0, 0
0.0212073, 0, 1, 1, 1, 0, 1, 0
0.0212074, 0, 1, 1, 1, 1, 1, 0
0.0212226, 0, 1, 1, 1, 1, 0, 0
0.0212379, 0, 1, 1, 1, 0, 1, 0
0.0212531, 0, 1, 1, 1, 0, 0, 0
0.0212684, 0, 1, 1, 1, 1, 1, 0
0.0212836, 0, 1, 1, 1, 1, 0, 0
0.0212989, 0, 1, 1, 1, 0, 0, 0
0.0212990, 0, 1, 1, 1, 0, 1, 0
0.0213142, 0, 1, 1, 1, 0, 0, 0
0.0213218, 0, 1, 1, 1, 0, 0, 1
0.0213294, 0, 1, 1, 1, 0, 1, 1
0.0213295, 0, 1, 1, 1, 1, 1, 1
0.0213447, 0, 1, 1, 1, 1, 0, 1
0.0213523, 0, 1, 1, 1, 1, 0, 0
0.0213599, 0, 1, 1, 1, 0, 0, 0
0.0213600, 0, 1, 1, 1, 0, 1, 0
0.0213752, 0, 1, 1, 1, 0, 0, 0
0.0213905, 0, 1, 1, 1, 1, 1, 0
0.0214057, 0, 1, 1, 1, 1, 0, 0
0.0214210, 0, 1, 1, 1, 0, 1, 0
0.0214362, 0, 1, 1, 1, 0, 0, 0
0.0214515, 0, 1, 1, 1, 0, 1, 0
0.0214516, 0, 1, 1, 1, 1, 1, 0
0.0214668, 0, 1, 1, 1, 1, 0, 0
0.0214820, 0, 1, 1, 1, 0, 0, 0
0.0214821, 0, 1, 1, 1, 0, 1, 0
0.0214973, 0, 1, 1, 1, 0, 0, 0
0.0215125, 0, 1, 1, 1, 0, 1, 0
0.0215126, 0, 1, 1, 1, 1, 1, 0
0.0215278, 0, 1, 1, 1, 1, 0, 0
0.0215431, 0, 1, 1, 1, 0, 1, 0
0.0215583, 0, 1, 1, 1, 0, 0, 0
0.0215736, 0, 1, 1, 1, 1, 1, 0
0.0215888, 0, 1, 1, 1, 1, 0, 0
0.0216041, 0, 1, 1, 1, 0, 0, 0
0.0216042, 0, 1, 1, 1, 0, 1, 0
0.0216194, 0, 1, 1, 1, 0, 0, 0
0.0216270, 0, 1, 1, 1, 0, 0, 1
0.0216346, 0, 1, 1, 1, 0, 1, 1
0.0216347, 0, 1, 1, 1, 1, 1, 1
0.0216499, 0, 1, 1, 1, 1, 0, 1
0.0216651, 0, 1, 1, 1, 0, 0, 1
0.0216652, 0, 1, 1, 1, 0, 1, 1
0.0216804, 0, 1, 1, 1, 0, 0, 1
0.0216880, 0, 1, 1, 1, 0, 0, 0
0.0216957, 0, 1, 1, 1, 1, 1, 0
0.0217109, 0, 1, 1, 1, 1, 0, 0
0.0217186, 0, 1, 1, 1, 1, 0, 1
0.0217262, 0, 1, 1, 1, 0, 1, 1
0.0217414, 0, 1, 1, 1, 0, 0, 1
0.0217567, 0, 1, 1, 1, 1, 1, 1
0.0217720, 0, 1, 1, 1, 1, 0, 1
0.0217872, 0, 1, 1, 1, 0, 0, 1
0.0217873, 0, 1, 1, 1, 0, 1, 1
0.0218025, 0, 1, 1, 1, 0, 0, 1
0.0218101, 0, 1, 1, 1, 0, 0, 0
0.0218177, 0, 1, 1, 1, 0, 1, 0
0.0218178, 0, 1, 1, 1, 1, 1, 0
0.0218330, 0, 1, 1, 1, 1, 0, 0
0.0218482, 0, 1, 1, 1, 0, 0, 0
0.0218483, 0, 1, 1, 1, 0, 1, 0
0.0218635, 0, 1, 1, 1, 0, 0, 0
0.0218788, 0, 1, 1, 1, 1, 1, 0
0.0218940, 0, 1, 1, 1, 1, 0, 0
0.0219017, 0, 1, 1, 1, 1, 0, 1
0.0219093, 0, 1, 1, 1, 0, 0, 1
0.0219094, 0, 1, 1, 1, 0, 1, 1
0.0219246, 0, 1, 1, 1, 0, 0, 1
0.0219398, 0, 1, 1, 1, 0, 1, 1
0.0219399, 0, 1, 1, 1, 1, 1, 1
0.0219551, 0, 1, 1, 1, 1, 0, 1
0.0219627, 0, 1, 1, 1, 1, 0, 0
0.0219703, 0, 1, 1, 1, 0, 0, 0
0.0219704, 0, 1, 1, 1, 0, 1, 0
0.0219856, 0, 1, 1, 1, 0, 0, 0
0.0219933, 0, 1, 1, 1, 0, 0, 1
0.0220009, 0, 1, 1, 1, 1, 1, 1
0.0220161, 0, 1, 1, 1, 1, 0, 1
0.0220314, 0, 1, 1, 1, 0, 1, 1
0.0220466, 0, 1, 1, 1, 0, 0, 1
0.0220543, 0, 1, 1, 1, 0, 0, 0
0.0220619, 0, 1, 1, 1, 1, 1, 0
0.0220772, 0, 1, 1, 1, 1, 0, 0
0.0220924, 0, 1, 1, 1, 0, 0, 0
0.0220925, 0, 1, 1, 1, 0, 1, 0
0.0221077, 0, 1, 1, 1, 0, 0, 0
0.0221229, 0, 1, 1, 1, 0, 1, 0
0.0221230, 0, 1, 1, 1, 1, 1, 0
0.0221382, 0, 1, 1, 1, 1, 0, 0
0.0221459, 0, 1, 1, 1, 1, 0, 1
0.0221534, 0, 1, 1, 1, 0, 0, 1
0.0221535, 0, 1, 1, 1, 0, 1, 1
0.0221687, 0, 1, 1, 1, 0, 0, 1
0.0221764, 0, 1, 1, 1, 0, 0, 0
0.0221840, 0, 1, 1, 1, 1, 1, 0
0.0221992, 0, 1, 1, 1, 1, 0, 0
0.0222069, 0, 1, 1, 1, 1, 0, 1
0.0222145, 0, 1, 1, 1, 0, 0, 1
0.0222146, 0, 1, 1, 1, 0, 1, 1
0.0222298, 0, 1, 1, 1, 0, 0, 1
0.0222450, 0, 1, 1, 1, 0, 1, 1
0.0222451, 0, 1, 1, 1, 1, 1, 1
0.0222603, 0, 1, 1, 1, 1, 0, 1
0.0222755, 0, 1, 1, 1, 0, 0, 1
0.0222756, 0, 1, 1, 1, 0, 1, 1
0.0222908, 0, 1, 1, 1, 0, 0, 1
0.0222984, 0, 1, 1, 1, 0, 0, 0
0.0223061, 0, 1, 1, 1, 1, 1, 0
0.0223213, 0, 1, 1, 1, 1, 0, 0
0.0223366, 0, 1, 1, 1, 0, 1, 0
0.0223518, 0, 1, 1, 1, 0, 0, 0
0.0223671, 0, 1, 1, 1, 1, 1, 0
0.0223824, 0, 1, 1, 1, 1, 0, 0
0.0223976, 0, 1, 1, 1, 0, 0, 0
0.0223977, 0, 1, 1, 1, 0, 1, 0
0.0224129, 0, 1, 1, 1, 0, 0, 0
0.0224281, 0, 1, 1, 1, 0, 1, 0
0.0224282, 0, 1, 1, 1, 1, 1, 0
0.0224434, 0, 1, 1, 1, 1, 0, 0
0.0224586, 0, 1, 1, 1, 0, 0, 0
0.0224587, 0, 1, 1, 1, 0, 1, 0
0.0224739, 0, 1, 1, 1, 0, 0, 0
0.0224892, 0, 1, 1, 1, 1, 1, 0
0.0225044, 0, 1, 1, 1, 1, 0, 0
0.0225197, 0, 1, 1, 1, 0, 0, 0
0.0225198, 0, 1, 1, 1, 0, 1, 0
0.0225350, 0, 1, 1, 1, 0, 0, 0
0.0225502, 0, 1, 1, 1, 0, 1, 0
0.0225503, 0, 1, 1, 1, 1, 1, 0
0.0225655, 0, 1, 1, 1, 1, 0, 0
0.0225807, 0, 1, 1, 1, 0, 0, 0
0.0225808, 0, 1, 1, 1, 0, 1, 0
0.0225960, 0, 1, 1, 1, 0, 0, 0
0.0226037, 0, 1, 1, 1, 0, 0, 1
0.0226113, 0, 1, 1, 1, 1, 1, 1
0.0226265, 0, 1, 1, 1, 1, 0, 1
0.0226341, 0, 1, 1, 1, 1, 0, 0
0.0226418, 0, 1, 1, 1, 0, 1, 0
0.0226570, 0, 1, 1, 1, 0, 0, 0
0.0226723, 0, 1, 1, 1, 1, 1, 0
0.0226876, 0, 1, 1, 1, 1, 0, 0
0.0227028, 0, 1, 1, 1, 0, 0, 0
0.0227029, 0, 1, 1, 1, 0, 1, 0
0.0227181, 0, 1, 1, 1, 0, 0, 0
0.0227333, 0, 1, 1, 1, 0, 1, 0
0.0227334, 0, 1, 1, 1, 1, 1, 0
0.0227486, 0, 1, 1, 1, 1, 0, 0
0.0227563, 0, 1, 1, 1, 1, 0, 1
0.0227638, 0, 1, 1, 1, 0, 0, 1
0.0227639, 0, 1, 1, 1, 0, 1, 1
0.0227791, 0, 1, 1, 1, 0, 0, 1
0.0227867, 0, 1, 1, 1, 0, 0, 0
0.0227944, 0, 1, 1, 1, 1, 1, 0
0.0228096, 0, 1, 1, 1, 1, 0, 0
0.0228249, 0, 1, 1, 1, 0, 0, 0
0.0228250, 0, 1, 1, 1, 0, 1, 0
0.0228402, 0, 1, 1, 1, 0, 0, 0
0.0228554, 0, 1, 1, 1, 0, 1, 0
0.0228555, 0, 1, 1, 1, 1, 1, 0
0.0228707, 0, 1, 1, 1, 1, 0, 0
0.0228783, 0, 1, 1, 1, 1, 0, 1
0.0228859, 0, 1, 1, 1, 0, 0, 1
0.0228860, 0, 1, 1, 1, 0, 1, 1
0.0229012, 0, 1, 1, 1, 0, 0, 1
0.0229088, 0, 1, 1, 1, 0, 0, 0
0.0229165, 0, 1, 1, 1, 1, 1, 0
0.0229317, 0, 1, 1, 1, 1, 0, 0
0.0229394, 0, 1, 1, 1, 1, 0, 1
0.0229470, 0, 1, 1, 1, 0, 1, 1
0.0229622, 0, 1, 1, 1, 0, 0, 1
0.0229775, 0, 1, 1, 1, 1, 1, 1
0.0229927, 0, 1, 1, 1, 1, 0, 1
0.0230004, 0, 1, 1, 1, 1, 0, 0
0.0230080, 0, 1, 1, 1, 0, 0, 0
0.0230081, 0, 1, 1, 1, 0, 1, 0
0.0230233, 0, 1, 1, 1, 0, 0, 0
0.0230385, 0, 1, 1, 1, 0, 1, 0
0.0230386, 0, 1, 1, 1, 1, 1, 0
0.0230538, 0, 1, 1, 1, 1, 0, 0
0.0230690, 0, 1, 1, 1, 0, 0, 0
0.0230691, 0, 1, 1, 1, 0, 1, 0
0.0230843, 0, 1, 1, 1, 0, 0, 0
0.0230996, 0, 1, 1, 1, 1, 1, 0
0.0231148, 0, 1, 1, 1, 1, 0, 0
0.0231225, 0, 1, 1, 1, 1, 0, 1
0.0231301, 0, 1, 1, 1, 0, 1, 1
0.0231453, 0, 1, 1, 1, 0, 0, 1
0.0231530, 0, 1, 1, 1, 0, 0, 0
0.0231606, 0, 1, 1, 1, 0, 1, 0
0.0231607, 0, 1, 1, 1, 1, 1, 0
0.0231759, 0, 1, 1, 1, 1, 0, 0
0.0231911, 0, 1, 1, 1, 0, 0, 0
0.0231912, 0, 1, 1, 1, 0, 1, 0
0.0232064, 0, 1, 1, 1, 0, 0, 0
0.0232216, 0, 1, 1, 1, 0, 1, 0
0.0232217, 0, 1, 1, 1, 1, 1, 0
0.0232369, 0, 1, 1, 1, 1, 0, 0
0.0232446, 0, 1, 1, 1, 1, 0, 1
0.0232522, 0, 1, 1, 1, 0, 1, 1
0.0232674, 0, 1, 1, 1, 0, 0, 1
0.0232751, 0, 1, 1, 1, 0, 0, 0
0.0232827, 0, 1, 1, 1, 1, 1, 0
0.0232979, 0, 1, 1, 1, 1, 0, 0
0.0233132, 0, 1, 1, 1, 0, 0, 0
0.0233133, 0, 1, 1, 1, 0, 1, 0
0.0233285, 0, 1, 1, 1, 0, 0, 0
0.0233437, 0, 1, 1, 1, 0, 1, 0
0.0233438, 0, 1, 1, 1, 1, 1, 0
0.0233590, 0, 1, 1, 1, 1, 0, 0
0.0233742, 0, 1, 1, 1, 0, 0, 0
0.0233743, 0, 1, 1, 1, 0, 1, 0
0.0233895, 0, 1, 1, 1, 0, 0, 0
0.0233972, 0, 1, 1, 1, 0, 0, 1
0.0234048, 0, 1, 1, 1, 1, 1, 1
0.0234200, 0, 1, 1, 1, 1, 0, 1
0.0234277, 0, 1, 1, 1, 1, 0, 0
0.0234353, 0, 1, 1, 1, 0, 1, 0
0.0234505, 0, 1, 1, 1, 0, 0, 0
0.0234658, 0, 1, 1, 1, 0, 1, 0
0.0234659, 0, 1, 1, 1, 1, 1, 0
0.0234811, 0, 1, 1, 1, 1, 0, 0
0.0234963, 0, 1, 1, 1, 0, 0, 0
0.0234964, 0, 1, 1, 1, 0, 1, 0
0.0235116, 0, 1, 1, 1, 0, 0, 0
0.0235268, 0, 1, 1, 1, 0, 1, 0
0.0235269, 0, 1, 1, 1, 1, 1, 0
0.0235421, 0, 1, 1, 1, 1, 0, 0
0.0235574, 0, 1, 1, 1, 0, 1, 0
0.0235726, 0, 1, 1, 1, 0, 0, 0
0.0235879, 0, 1, 1, 1, 1, 1, 0
0.0236031, 0, 1, 1, 1, 1, 0, 0
0.0236184, 0, 1, 1, 1, 0, 0, 0
0.0236185, 0, 1, 1, 1, 0, 1, 0
0.0236337, 0, 1, 1, 1, 0, 0, 0
0.0236489, 0, 1, 1, 1, 0, 1, 0
0.0236490, 0, 1, 1, 1, 1, 1, 0
0.0236642, 0, 1, 1, 1, 1, 0, 0
0.0236794, 0, 1, 1, 1, 0, 0, 0
0.0236795, 0, 1, 1, 1, 0, 1, 0
0.0236947, 0, 1, 1, 1, 0, 0, 0
0.0237100, 0, 1, 1, 1, 1, 1, 0
0.0237252, 0, 1, 1, 1, 1, 0, 0
0.0237329, 0, 1, 1, 1, 1, 0, 1
0.0237405, 0, 1, 1, 1, 0, 1, 1
0.0237557, 0, 1, 1, 1, 0, 0, 1
0.0237634, 0, 1, 1, 1, 0, 0, 0
0.0237710, 0, 1, 1, 1, 0, 1, 0
0.0237711, 0, 1, 1, 1, 1, 1, 0
0.0237863, 0, 1, 1, 1, 1, 0, 0
0.0238015, 0, 1, 1, 1, 0, 0, 0
0.0238016, 0, 1, 1, 1, 0, 1, 0
0.0238168, 0, 1, 1, 1, 0, 0, 0
0.0238320, 0, 1, 1, 1, 0, 1, 0
0.0238321, 0, 1, 1, 1, 1, 1, 0
0.0238473, 0, 1, 1, 1, 1, 0, 0
0.0238626, 0, 1, 1, 1, 0, 1, 0
0.0238778, 0, 1, 1, 1, 0, 0, 0
0.0238931, 0, 1, 1, 1, 1, 1, 0
0.0239083, 0, 1, 1, 1, 1, 0, 0
0.0239236, 0, 1, 1, 1, 0, 0, 0
0.0239237, 0, 1, 1, 1, 0, 1, 0
0.0239389, 0, 1, 1, 1, 0, 0, 0
0.0239541, 0, 1, 1, 1, 0, 1, 0
0.0239542, 0, 1, 1, 1, 1, 1, 0
0.0239694, 0, 1, 1, 1, 1, 0, 0
0.0239846, 0, 1, 1, 1, 0, 0, 0
0.0239847, 0, 1, 1, 1, 0, 1, 0
0.0239999, 0, 1, 1, 1, 0, 0, 0
0.0240152, 0, 1, 1, 1, 1, 1, 0
0.0240304, 0, 1, 1, 1, 1, 0, 0
0.0240457, 0, 1, 1, 1, 0, 1, 0
0.0240609, 0, 1, 1, 1, 0, 0, 0
0.0240762, 0, 1, 1, 1, 1, 1, 0
0.0240915, 0, 1, 1, 1, 1, 0, 0
0.0241067, 0, 1, 1, 1, 0, 0, 0
0.0241068, 0, 1, 1, 1, 0, 1, 0
0.0241220, 0, 1, 1, 1, 0, 0, 0
0.0241372, 0, 1, 1, 1, 0, 1, 0
0.0241373, 0, 1, 1, 1, 1, 1, 0
0.0241525, 0, 1, 1, 1, 1, 0, 0
0.0241677, 0, 1, 1, 1, 0, 0, 0
0.0241678, 0, 1, 1, 1, 0, 1, 0
0.0241830, 0, 1, 1, 1, 0, 0, 0
0.0241983, 0, 1, 1, 1, 1, 1, 0
0.0242135, 0, 1, 1, 1, 1, 0, 0
0.0242288, 0, 1, 1, 1, 0, 0, 0
0.0242289, 0, 1, 1, 1, 0, 1, 0
0.0242441, 0, 1, 1, 1, 0, 0, 0
0.0242593, 0, 1, 1, 1, 0, 1, 0
0.0242594, 0, 1, 1, 1, 1, 1, 0
0.0242746, 0, 1, 1, 1, 1, 0, 0
0.0242898, 0, 1, 1, 1, 0, 0, 0
0.0242899, 0, 1, 1, 1, 0, 1, 0
0.0243051, 0, 1, 1, 1, 0, 0, 0
0.0243204, 0, 1, 1, 1, 1, 1, 0
0.0243356, 0, 1, 1, 1, 1, 0, 0
0.0243509, 0, 1, 1, 1, 0, 1, 0
0.0243661, 0, 1, 1, 1, 0, 0, 0
0.0243814, 0, 1, 1, 1, 1, 1, 0
0.0243967, 0, 1, 1, 1, 1, 0, 0
0.0244119, 0, 1, 1, 1, 0, 0, 0
0.0244120, 0, 1, 1, 1, 0, 1, 0
0.0244272, 0, 1, 1, 1, 0, 0, 0
0.0244424, 0, 1, 1, 1, 0, 1, 0
0.0244425, 0, 1, 1, 1, 1, 1, 0
0.0244577, 0, 1, 1, 1, 1, 0, 0
0.0244729, 0, 1, 1, 1, 0, 0, 0
0.0244730, 0, 1, 1, 1, 0, 1, 0
0.0244882, 0, 1, 1, 1, 0, 0, 0
0.0245035, 0, 1, 1, 1, 1, 1, 0
0.0245187, 0, 1, 1, 1, 1, 0, 0
0.0245340, 0, 1, 1, 1, 0, 0, 0
0.0245341, 0, 1, 1, 1, 0, 1, 0
0.0245493, 0, 1, 1, 1, 0, 0, 0
0.0245645, 0, 1, 1, 1, 0, 1, 0
0.0245646, 0, 1, 1, 1, 1, 1, 0
0.0245798, 0, 1, 1, 1, 1, 0, 0
0.0245950, 0, 1, 1, 1, 0, 0, 0
0.0245951, 0, 1, 1, 1, 0, 1, 0
0.0246103, 0, 1, 1, 1, 0, 0, 0
0.0246256, 0, 1, 1, 1, 1, 1, 0
0.0246408, 0, 1, 1, 1, 1, 0, 0
0.0246561, 0, 1, 1, 1, 0, 1, 0
0.0246713, 0, 1, 1, 1, 0, 0, 0
0.0246866, 0, 1, 1, 1, 1, 1, 0
0.0247019, 0, 1, 1, 1, 1, 0, 0
0.0247171, 0, 1, 1, 1, 0, 0, 0
0.0247172, 0, 1, 1, 1, 0, 1, 0
0.0247324, 0, 1, 1, 1, 0, 0, 0
0.0247476, 0, 1, 1, 1, 0, 1, 0
0.0247477, 0, 1, 1, 1, 1, 1, 0
0.0247629, 0, 1, 1, 1, 1, 0, 0
0.0247781, 0, 1, 1, 1, 0, 0, 0
0.0247782, 0, 1, 1, 1, 0, 1, 0
0.0247934, 0, 1, 1, 1, 0, 0, 0
0.0248087, 0, 1, 1, 1, 1, 1, 0
0.0248239, 0, 1, 1, 1, 1, 0, 0
0.0248392, 0, 1, 1, 1, 0, 0, 0
0.0248393, 0, 1, 1, 1, 0, 1, 0
0.0248545, 0, 1, 1, 1, 0, 0, 0
0.0248697, 0, 1, 1, 1, 0, 1, 0
0.0248698, 0, 1, 1, 1, 1, 1, 0
0.0248850, 0, 1, 1, 1, 1, 0, 0
0.0249002, 0, 1, 1, 1, 0, 0, 0
0.0249003, 0, 1, 1, 1, 0, 1, 0
0.0249155, 0, 1, 1, 1, 0, 0, 0
0.0249308, 0, 1, 1, 1, 1, 1, 0
0.0249460, 0, 1, 1, 1, 1, 0, 0
0.0249613, 0, 1, 1, 1, 0, 1, 0
0.0249765, 0, 1, 1, 1, 0, 0, 0
0.0249918, 0, 1, 1, 1, 1, 1, 0
0.0250070, 0, 1, 1, 1, 1, 0, 0
0.0250223, 0, 1, 1, 1, 0, 0, 0
0.0250224, 0, 1, 1, 1, 0, 1, 0
0.0250376, 0, 1, 1, 1, 0, 0, 0
0.0250528, 0, 1, 1, 1, 0, 1, 0
0.0250529, 0, 1, 1, 1, 1, 1, 0
0.0250681, 0, 1, 1, 1, 1, 0, 0
0.0250833, 0, 1, 1, 1, 0, 0, 0
0.0250834, 0, 1, 1, 1, 0, 1, 0
0.0250986, 0, 1, 1, 1, 0, 0, 0
0.0251139, 0, 1, 1, 1, 1, 1, 0
0.0251291, 0, 1, 1, 1, 1, 0, 0
0.0251444, 0, 1, 1, 1, 0, 1, 0
0.0251596, 0, 1, 1, 1, 0, 0, 0
0.0251749, 0, 1, 1, 1, 0, 1, 0
0.0251750, 0, 1, 1, 1, 1, 1, 0
0.0251902, 0, 1, 1, 1, 1, 0, 0
0.0252054, 0, 1, 1, 1, 0, 0, 0
0.0252055, 0, 1, 1, 1, 0, 1, 0
0.0252207, 0, 1, 1, 1, 0, 0, 0
0.0252360, 0, 1, 1, 1, 1, 1, 0
0.0252512, 0, 1, 1, 1, 1, 0, 0
0.0252665, 0, 1, 1, 1, 0, 1, 0
0.0252817, 0, 1, 1, 1, 0, 0, 0
0.0252970, 0, 1, 1, 1, 1, 1, 0
0.0253122, 0, 1, 1, 1, 1, 0, 0
0.0253275, 0, 1, 1, 1, 0, 0, 0
0.0253276, 0, 1, 1, 1, 0, 1, 0
0.0253428, 0, 1, 1, 1, 0, 0, 0
0.0253504, 0, 1, 1, 1, 0, 0, 1
0.0253580, 0, 1, 1, 1, 0, 1, 1
0.0253581, 0, 1, 1, 1, 1, 1, 1
0.0253733, 0, 1, 1, 1, 1, 0, 1
0.0253885, 0, 1, 1, 1, 0, 0, 1
0.0253886, 0, 1, 1, 1, 0, 1, 1
0.0254038, 0, 1, 1, 1, 0, 0, 1
0.0254114, 0, 1, 1, 1, 0, 0, 0
0.0254191, 0, 1, 1, 1, 1, 1, 0
0.0254343, 0, 1, 1, 1, 1, 0, 0
0.0254420, 0, 1, 1, 1, 1, 0, 1
0.0254496, 0, 1, 1, 1, 0, 1, 1
0.0254648, 0, 1, 1, 1, 0, 0, 1
0.0254801, 0, 1, 1, 1, 0, 1, 1
0.0254802, 0, 1, 1, 1, 1, 1, 1
0.0254954, 0, 1, 1, 1, 1, 0, 1
0.0255106, 0, 1, 1, 1, 0, 0, 1
0.0255107, 0, 1, 1, 1, 0, 1, 1
0.0255259, 0, 1, 1, 1, 0, 0, 1
0.0255411, 0, 1, 1, 1, 0, 1, 1
0.0255412, 0, 1, 1, 1, 1, 1, 1
0.0255564, 0, 1, 1, 1, 1, 0, 1
0.0255640, 0, 1, 1, 1, 1, 0, 0
0.0255717, 0, 1, 1, 1, 0, 1, 0
0.0255869, 0, 1, 1, 1, 0, 0, 0
0.0255946, 0, 1, 1, 1, 0, 0, 1
0.0256022, 0, 1, 1, 1, 1, 1, 1
0.0256174, 0, 1, 1, 1, 1, 0, 1
0.0256327, 0, 1, 1, 1, 0, 0, 1
0.0256328, 0, 1, 1, 1, 0, 1, 1
0.0256480, 0, 1, 1, 1, 0, 0, 1
0.0256632, 0, 1, 1, 1, 0, 1, 1
0.0256633, 0, 1, 1, 1, 1, 1, 1
0.0256785, 0, 1, 1, 1, 1, 0, 1
0.0256861, 0, 1, 1, 1, 1, 0, 0
0.0256937, 0, 1, 1, 1, 0, 0, 0
0.0256938, 0, 1, 1, 1, 0, 1, 0
0.0257090, 0, 1, 1, 1, 0, 0, 0
0.0257167, 0, 1, 1, 1, 0, 0, 1
0.0257243, 0, 1, 1, 1, 1, 1, 1
0.0257395, 0, 1, 1, 1, 1, 0, 1
0.0257472, 0, 1, 1, 1, 1, 0, 0
0.0257548, 0, 1, 1, 1, 0, 1, 0
0.0257700, 0, 1, 1, 1, 0, 0, 0
0.0257853, 0, 1, 1, 1, 0, 1, 0
0.0257854, 0, 1, 1, 1, 1, 1, 0
0.0258006, 0, 1, 1, 1, 1, 0, 0
0.0258158, 0, 1, 1, 1, 0, 0, 0
0.0258159, 0, 1, 1, 1, 0, 1, 0
0.0258311, 0, 1, 1, 1, 0, 0, 0
0.0258388, 0, 1, 1, 1, 0, 0, 1
0.0258463, 0, 1, 1, 1, 0, 1, 1
0.0258464, 0, 1, 1, 1, 1, 1, 1
0.0258616, 0, 1, 1, 1, 1, 0, 1
0.0258769, 0, 1, 1, 1, 0, 1, 1
0.0258921, 0, 1, 1, 1, 0, 0, 1
0.0258998, 0, 1, 1, 1, 0, 0, 0
0.0259074, 0, 1, 1, 1, 1, 1, 0
0.0259226, 0, 1, 1, 1, 1, 0, 0
0.0259303, 0, 1, 1, 1, 1, 0, 1
0.0259379, 0, 1, 1, 1, 0, 0, 1
0.0259380, 0, 1, 1, 1, 0, 1, 1
0.0259532, 0, 1, 1, 1, 0, 0, 1
0.0259684, 0, 1, 1, 1, 0, 1, 1
0.0259685, 0, 1, 1, 1, 1, 1, 1
0.0259837, 0, 1, 1, 1, 1, 0, 1
0.0259989, 0, 1, 1, 1, 0, 0, 1
0.0259990, 0, 1, 1, 1, 0, 1, 1
0.0260142, 0, 1, 1, 1, 0, 0, 1
0.0260218, 0, 1, 1, 1, 0, 0, 0
0.0260295, 0, 1, 1, 1, 1, 1, 0
0.0260447, 0, 1, 1, 1, 1, 0, 0
0.0260524, 0, 1, 1, 1, 1, 0, 1
0.0260600, 0, 1, 1, 1, 0, 1, 1
0.0260752, 0, 1, 1, 1, 0, 0, 1
0.0260829, 0, 1, 1, 1, 0, 0, 0
0.0260905, 0, 1, 1, 1, 1, 1, 0
0.0261058, 0, 1, 1, 1, 1, 0, 0
0.0261134, 0, 1, 1, 1, 1, 0, 1
0.0261210, 0, 1, 1, 1, 0, 0, 1
0.0261211, 0, 1, 1, 1, 0, 1, 1
0.0261363, 0, 1, 1, 1, 0, 0, 1
0.0261439, 0, 1, 1, 1, 0, 0, 0
0.0261515, 0, 1, 1, 1, 0, 1, 0
0.0261516, 0, 1, 1, 1, 1, 1, 0
0.0261668, 0, 1, 1, 1, 1, 0, 0
0.0261820, 0, 1, 1, 1, 0, 0, 0
0.0261821, 0, 1, 1, 1, 0, 1, 0
0.0261973, 0, 1, 1, 1, 0, 0, 0
0.0262126, 0, 1, 1, 1, 1, 1, 0
0.0262278, 0, 1, 1, 1, 1, 0, 0
0.0262431, 0, 1, 1, 1, 0, 0, 0
0.0262432, 0, 1, 1, 1, 0, 1, 0
0.0262584, 0, 1, 1, 1, 0, 0, 0
0.0262736, 0, 1, 1, 1, 0, 1, 0
0.0262737, 0, 1, 1, 1, 1, 1, 0
0.0262889, 0, 1, 1, 1, 1, 0, 0
0.0263041, 0, 1, 1, 1, 0, 0, 0
0.0263042, 0, 1, 1, 1, 0, 1, 0
0.0263194, 0, 1, 1, 1, 0, 0, 0
0.0263347, 0, 1, 1, 1, 1, 1, 0
0.0263499, 0, 1, 1, 1, 1, 0, 0
0.0263576, 0, 1, 1, 1, 1, 0, 1
0.0263652, 0, 1, 1, 1, 0, 1, 1
0.0263804, 0, 1, 1, 1, 0, 0, 1
0.0263957, 0, 1, 1, 1, 1, 1, 1
0.0264110, 0, 1, 1, 1, 1, 0, 1
0.0264262, 0, 1, 1, 1, 0, 0, 1
0.0264263, 0, 1, 1, 1, 0, 1, 1
0.0264415, 0, 1, 1, 1, 0, 0, 1
0.0264491, 0, 1, 1, 1, 0, 0, 0
0.0264567, 0, 1, 1, 1, 0, 1, 0
0.0264568, 0, 1, 1, 1, 1, 1, 0
0.0264720, 0, 1, 1, 1, 1, 0, 0
0.0264872, 0, 1, 1, 1, 0, 0, 0
0.0264873, 0, 1, 1, 1, 0, 1, 0
0.0265025, 0, 1, 1, 1, 0, 0, 0
0.0265102, 0, 1, 1, 1, 0, 0, 1
0.0265178, 0, 1, 1, 1, 1, 1, 1
0.0265330, 0, 1, 1, 1, 1, 0, 1
0.0265483, 0, 1, 1, 1, 0, 0, 1
0.0265484, 0, 1, 1, 1, 0, 1, 1
0.0265636, 0, 1, 1, 1, 0, 0, 1
0.0265788, 0, 1, 1, 1, 0, 1, 1
0.0265789, 0, 1, 1, 1, 1, 1, 1
0.0265941, 0, 1, 1, 1, 1, 0, 1
0.0266017, 0, 1, 1, 1, 1, 0, 0
0.0266093, 0, 1, 1, 1, 0, 0, 0
0.0266094, 0, 1, 1, 1, 0, 1, 0
0.0266246, 0, 1, 1, 1, 0, 0, 0
0.0266323, 0, 1, 1, 1, 0, 0, 1
0.0266399, 0, 1, 1, 1, 1, 1, 1
0.0266551, 0, 1, 1, 1, 1, 0, 1
0.0266704, 0, 1, 1, 1, 0, 1, 1
0.0266856, 0, 1, 1, 1, 0, 0, 1
0.0267009, 0, 1, 1, 1, 1, 1, 1
0.0267162, 0, 1, 1, 1, 1, 0, 1
0.0267314, 0, 1, 1, 1, 0, 0, 1
0.0267315, 0, 1, 1, 1, 0, 1, 1
0.0267467, 0, 1, 1, 1, 0, 0, 1
0.0267543, 0, 1, 1, 1, 0, 0, 0
0.0267619, 0, 1, 1, 1, 0, 1, 0
0.0267620, 0, 1, 1, 1, 1, 1, 0
0.0267772, 0, 1, 1, 1, 1, 0, 0
0.0267924, 0, 1, 1, 1, 0, 0, 0
0.0267925, 0, 1, 1, 1, 0, 1, 0
0.0268077, 0, 1, 1, 1, 0, 0, 0
0.0268230, 0, 1, 1, 1, 1, 1, 0
0.0268382, 0, 1, 1, 1, 1, 0, 0
0.0268459, 0, 1, 1, 1, 1, 0, 1
0.0268535, 0, 1, 1, 1, 0, 0, 1
0.0268536, 0, 1, 1, 1, 0, 1, 1
0.0268688, 0, 1, 1, 1, 0, 0, 1
0.0268840, 0, 1, 1, 1, 0, 1, 1
0.0268841, 0, 1, 1, 1, 1, 1, 1
0.0268993, 0, 1, 1, 1, 1, 0, 1
0.0269069, 0, 1, 1, 1, 1, 0, 0
0.0269145, 0, 1, 1, 1, 0, 0, 0
0.0269146, 0, 1, 1, 1, 0, 1, 0
0.0269298, 0, 1, 1, 1, 0, 0, 0
0.0269451, 0, 1, 1, 1, 1, 1, 0
0.0269603, 0, 1, 1, 1, 1, 0, 0
0.0269680, 0, 1, 1, 1, 1, 0, 1
0.0269756, 0, 1, 1, 1, 0, 1, 1
0.0269908, 0, 1, 1, 1, 0, 0, 1
0.0270061, 0, 1, 1, 1, 1, 1, 1
0.0270213, 0, 1, 1, 1, 1, 0, 1
0.0270290, 0, 1, 1, 1, 1, 0, 0
0.0270366, 0, 1, 1, 1, 0, 0, 0
0.0270367, 0, 1, 1, 1, 0, 1, 0
0.0270519, 0, 1, 1, 1, 0, 0, 0
0.0270595, 0, 1, 1, 1, 0, 0, 1
0.0270671, 0, 1, 1, 1, 0, 1, 1
0.0270672, 0, 1, 1, 1, 1, 1, 1
0.0270824, 0, 1, 1, 1, 1, 0, 1
0.0270900, 0, 1, 1, 1, 1, 0, 0
0.0270976, 0, 1, 1, 1, 0, 0, 0
0.0270977, 0, 1, 1, 1, 0, 1, 0
0.0271129, 0, 1, 1, 1, 0, 0, 0
0.0271282, 0, 1, 1, 1, 1, 1, 0
0.0271434, 0, 1, 1, 1, 1, 0, 0
0.0271587, 0, 1, 1, 1, 0, 1, 0
0.0271739, 0, 1, 1, 1, 0, 0, 0
0.0271892, 0, 1, 1, 1, 0, 1, 0
0.0271893, 0, 1, 1, 1, 1, 1, 0
0.0272045, 0, 1, 1, 1, 1, 0, 0
0.0272197, 0, 1, 1, 1, 0, 0, 0
0.0272198, 0, 1, 1, 1, 0, 1, 0
0.0272350, 0, 1, 1, 1, 0, 0, 0
0.0272503, 0, 1, 1, 1, 1, 1, 0
0.0272655, 0, 1, 1, 1, 1, 0, 0
0.0272808, 0, 1, 1, 1, 0, 1, 0
0.0272960, 0, 1, 1, 1, 0, 0, 0
0.0273113, 0, 1, 1, 1, 1, 1, 0
0.0273265, 0, 1, 1, 1, 1, 0, 0
0.0273418, 0, 1, 1, 1, 0, 0, 0
0.0273419, 0, 1, 1, 1, 0, 1, 0
0.0273571, 0, 1, 1, 1, 0, 0, 0
0.0273723, 0, 1, 1, 1, 0, 1, 0
0.0273724, 0, 1, 1, 1, 1, 1, 0
0.0273876, 0, 1, 1, 1, 1, 0, 0
0.0274028, 0, 1, 1, 1, 0, 0, 0
0.0274029, 0, 1, 1, 1, 0, 1, 0
0.0274181, 0, 1, 1, 1, 0, 0, 0
0.0274334, 0, 1, 1, 1, 1, 1, 0
0.0274486, 0, 1, 1, 1, 1, 0, 0
0.0274639, 0, 1, 1, 1, 0, 1, 0
0.0274791, 0, 1, 1, 1, 0, 0, 0
0.0274944, 0, 1, 1, 1, 0, 1, 0
0.0274945, 0, 1, 1, 1, 1, 1, 0
0.0275097, 0, 1, 1, 1, 1, 0, 0
0.0275249, 0, 1, 1, 1, 0, 0, 0
0.0275250, 0, 1, 1, 1, 0, 1, 0
0.0275402, 0, 1, 1, 1, 0, 0, 0
0.0275554, 0, 1, 1, 1, 0, 1, 0
0.0275555, 0, 1, 1, 1, 1, 1, 0
0.0275707, 0, 1, 1, 1, 1, 0, 0
0.0275860, 0, 1, 1, 1, 0, 1, 0
0.0276012, 0, 1, 1, 1, 0, 0, 0
0.0276165, 0, 1, 1, 1, 1, 1, 0
0.0276317, 0, 1, 1, 1, 1, 0, 0
0.0276470, 0, 1, 1, 1, 0, 0, 0
0.0276471, 0, 1, 1, 1, 0, 1, 0
0.0276623, 0, 1, 1, 1, 0, 0, 0
0.0276775, 0, 1, 1, 1, 0, 1, 0
0.0276776, 0, 1, 1, 1, 1, 1, 0
0.0276928, 0, 1, 1, 1, 1, 0, 0
0.0277080, 0, 1, 1, 1, 0, 0, 0
0.0277081, 0, 1, 1, 1, 0, 1, 0
0.0277233, 0, 1, 1, 1, 0, 0, 0
0.0277386, 0, 1, 1, 1, 1, 1, 0
0.0277538, 0, 1, 1, 1, 1, 0, 0
0.0277691, 0, 1, 1, 1, 0, 1, 0
0.0277843, 0, 1, 1, 1, 0, 0, 0
0.0277996, 0, 1, 1, 1, 0, 1, 0
0.0277997, 0, 1, 1, 1, 1, 1, 0
0.0278149, 0, 1, 1, 1, 1, 0, 0
0.0278301, 0, 1, 1, 1, 0, 0, 0
0.0278302, 0, 1, 1, 1, 0, 1, 0
0.0278454, 0, 1, 1, 1, 0, 0, 0
0.0278606, 0, 1, 1, 1, 0, 1, 0
0.0278607, 0, 1, 1, 1, 1, 1, 0
0.0278759, 0, 1, 1, 1, 1, 0, 0
0.0278912, 0, 1, 1, 1, 0, 1, 0
0.0279064, 0, 1, 1, 1, 0, 0, 0
0.0279217, 0, 1, 1, 1, 1, 1, 0
0.0279369, 0, 1, 1, 1, 1, 0, 0
0.0279522, 0, 1, 1, 1, 0, 0, 0
0.0279523, 0, 1, 1, 1, 0, 1, 0
0.0279675, 0, 1, 1, 1, 0, 0, 0
0.0279827, 0, 1, 1, 1, 0, 1, 0
0.0279828, 0, 1, 1, 1, 1, 1, 0
0.0279980, 0, 1, 1, 1, 1, 0, 0
0.0280132, 0, 1, 1, 1, 0, 0, 0
0.0280133, 0, 1, 1, 1, 0, 1, 0
0.0280285, 0, 1, 1, 1, 0, 0, 0
0.0280438, 0, 1, 1, 1, 1, 1, 0
0.0280590, 0, 1, 1, 1, 1, 0, 0
0.0280743, 0, 1, 1, 1, 0, 1, 0
0.0280895, 0, 1, 1, 1, 0, 0, 0
0.0281048, 0, 1, 1, 1, 0, 1, 0
0.0281049, 0, 1, 1, 1, 1, 1, 0
0.0281201, 0, 1, 1, 1, 1, 0, 0
0.0281353, 0, 1, 1, 1, 0, 0, 0
0.0281354, 0, 1, 1, 1, 0, 1, 0
0.0281506, 0, 1, 1, 1, 0, 0, 0
0.0281658, 0, 1, 1, 1, 0, 1, 0
0.0281659, 0, 1, 1, 1, 1, 1, 0
0.0281811, 0, 1, 1, 1, 1, 0, 0
0.0281963, 0, 1, 1, 1, 0, 0, 0
0.0281964, 0, 1, 1, 1, 0, 1, 0
0.0282116, 0, 1, 1, 1, 0, 0, 0
0.0282269, 0, 1, 1, 1, 1, 1, 0
0.0282421, 0, 1, 1, 1, 1, 0, 0
0.0282574, 0, 1, 1, 1, 0, 0, 0
0.0282575, 0, 1, 1, 1, 0, 1, 0
0.0282727, 0, 1, 1, 1, 0, 0, 0
0.0282879, 0, 1, 1, 1, 0, 1, 0
0.0282880, 0, 1, 1, 1, 1, 1, 0
0.0283032, 0, 1, 1, 1, 1, 0, 0
0.0283184, 0, 1, 1, 1, 0, 0, 0
0.0283185, 0, 1, 1, 1, 0, 1, 0
0.0283337, 0, 1, 1, 1, 0, 0, 0
0.0283490, 0, 1, 1, 1, 1, 1, 0
0.0283642, 0, 1, 1, 1, 1, 0, 0
0.0283795, 0, 1, 1, 1, 0, 1, 0
0.0283947, 0, 1, 1, 1, 0, 0, 0
0.0284024, 0, 1, 1, 1, 0, 0, 1
0.0284100, 0, 1, 1, 1, 1, 1, 1
0.0284253, 0, 1, 1, 1, 1, 0, 1
0.0284405, 0, 1, 1, 1, 0, 0, 1
0.0284406, 0, 1, 1, 1, 0, 1, 1
0.0284558, 0, 1, 1, 1, 0, 0, 1
0.0284710, 0, 1, 1, 1, 0, 1, 1
0.0284711, 0, 1, 1, 1, 1, 1, 1
0.0284863, 0, 1, 1, 1, 1, 0, 1
0.0285015, 0, 1, 1, 1, 0, 0, 1
0.0285016, 0, 1, 1, 1, 0, 1, 1
0.0285168, 0, 1, 1, 1, 0, 0, 1
0.0285321, 0, 1, 1, 1, 1, 1, 1
0.0285473, 0, 1, 1, 1, 1, 0, 1
0.0285626, 0, 1, 1, 1, 0, 0, 1
0.0285627, 0, 1, 1, 1, 0, 1, 1
0.0285779, 0, 1, 1, 1, 0, 0, 1
0.0285931, 0, 1, 1, 1, 0, 1, 1
0.0285932, 0, 1, 1, 1, 1, 1, 1
0.0286084, 0, 1, 1, 1, 1, 0, 1
0.0286160, 0, 1, 1, 1, 1, 0, 0
0.0286236, 0, 1, 1, 1, 0, 0, 0
0.0286237, 0, 1, 1, 1, 0, 1, 0
0.0286389, 0, 1, 1, 1, 0, 0, 0
0.0286466, 0, 1, 1, 1, 0, 0, 1
0.0286542, 0, 1, 1, 1, 1, 1, 1
0.0286694, 0, 1, 1, 1, 1, 0, 1
0.0286847, 0, 1, 1, 1, 0, 1, 1
0.0286999, 0, 1, 1, 1, 0, 0, 1
0.0287152, 0, 1, 1, 1, 1, 1, 1
0.0287305, 0, 1, 1, 1, 1, 0, 1
0.0287381, 0, 1, 1, 1, 1, 0, 0
0.0287457, 0, 1, 1, 1, 0, 0, 0
0.0287458, 0, 1, 1, 1, 0, 1, 0
0.0287610, 0, 1, 1, 1, 0, 0, 0
0.0287762, 0, 1, 1, 1, 0, 1, 0
0.0287763, 0, 1, 1, 1, 1, 1, 0
0.0287915, 0, 1, 1, 1, 1, 0, 0
0.0288067, 0, 1, 1, 1, 0, 0, 0
0.0288068, 0, 1, 1, 1, 0, 1, 0
0.0288220, 0, 1, 1, 1, 0, 0, 0
0.0288297, 0, 1, 1, 1, 0, 0, 1
0.0288373, 0, 1, 1, 1, 1, 1, 1
0.0288525, 0, 1, 1, 1, 1, 0, 1
0.0288678, 0, 1, 1, 1, 0, 0, 1
0.0288679, 0, 1, 1, 1, 0, 1, 1
0.0288831, 0, 1, 1, 1, 0, 0, 1
0.0288983, 0, 1, 1, 1, 0, 1, 1
0.0288984, 0, 1, 1, 1, 1, 1, 1
0.0289136, 0, 1, 1, 1, 1, 0, 1
0.0289288, 0, 1, 1, 1, 0, 0, 1
0.0289289, 0, 1, 1, 1, 0, 1, 1
0.0289441, 0, 1, 1, 1, 0, 0, 1
0.0289594, 0, 1, 1, 1, 1, 1, 1
0.0289746, 0, 1, 1, 1, 1, 0, 1
0.0289899, 0, 1, 1, 1, 0, 1, 1
0.0290051, 0, 1, 1, 1, 0, 0, 1
0.0290204, 0, 1, 1, 1, 1, 1, 1
0.0290356, 0, 1, 1, 1, 1, 0, 1
0.0290433, 0, 1, 1, 1, 1, 0, 0
0.0290509, 0, 1, 1, 1, 0, 0, 0
0.0290510, 0, 1, 1, 1, 0, 1, 0
0.0290662, 0, 1, 1, 1, 0, 0, 0
0.0290738, 0, 1, 1, 1, 0, 0, 1
0.0290814, 0, 1, 1, 1, 0, 1, 1
0.0290815, 0, 1, 1, 1, 1, 1, 1
0.0290967, 0, 1, 1, 1, 1, 0, 1
0.0291119, 0, 1, 1, 1, 0, 0, 1
0.0291120, 0, 1, 1, 1, 0, 1, 1
0.0291272, 0, 1, 1, 1, 0, 0, 1
0.0291348, 0, 1, 1, 1, 0, 0, 0
0.0291425, 0, 1, 1, 1, 1, 1, 0
0.0291577, 0, 1, 1, 1, 1, 0, 0
0.0291730, 0, 1, 1, 1, 0, 1, 0
0.0291883, 0, 1, 1, 1, 0, 0, 0
0.0292035, 0, 1, 1, 1, 0, 1, 0
0.0292036, 0, 1, 1, 1, 1, 1, 0
0.0292188, 0, 1, 1, 1, 1, 0, 0
0.0292340, 0, 1, 1, 1, 0, 0, 0
0.0292341, 0, 1, 1, 1, 0, 1, 0
0.0292493, 0, 1, 1, 1, 0, 0, 0
0.0292646, 0, 1, 1, 1, 1, 1, 0
0.0292798, 0, 1, 1, 1, 1, 0, 0
0.0292951, 0, 1, 1, 1, 0, 1, 0
0.0293103, 0, 1, 1, 1, 0, 0, 0
0.0293256, 0, 1, 1, 1, 1, 1, 0
0.0293408, 0, 1, 1, 1, 1, 0, 0
0.0293561, 0, 1, 1, 1, 0, 0, 0
0.0293562, 0, 1, 1, 1, 0, 1, 0
0.0293714, 0, 1, 1, 1, 0, 0, 0
0.0293866, 0, 1, 1, 1, 0, 1, 0
0.0293867, 0, 1, 1, 1, 1, 1, 0
0.0294019, 0, 1, 1, 1, 1, 0, 0
0.0294171, 0, 1, 1, 1, 0, 0, 0
0.0294172, 0, 1, 1, 1, 0, 1, 0
0.0294324, 0, 1, 1, 1, 0, 0, 0
0.0294477, 0, 1, 1, 1, 1, 1, 0
0.0294629, 0, 1, 1, 1, 1, 0, 0
0.0294782, 0, 1, 1, 1, 0, 1, 0
0.0294934, 0, 1, 1, 1, 0, 0, 0
0.0295087, 0, 1, 1, 1, 0, 1, 0
0.0295088, 0, 1, 1, 1, 1, 1, 0
0.0295240, 0, 1, 1, 1, 1, 0, 0
0.0295392, 0, 1, 1, 1, 0, 0, 0
0.0295393, 0, 1, 1, 1, 0, 1, 0
0.0295545, 0, 1, 1, 1, 0, 0, 0
0.0295697, 0, 1, 1, 1, 0, 1, 0
0.0295698, 0, 1, 1, 1, 1, 1, 0
0.0295850, 0, 1, 1, 1, 1, 0, 0
0.0296003, 0, 1, 1, 1, 0, 1, 0
0.0296155, 0, 1, 1, 1, 0, 0, 0
0.0296308, 0, 1, 1, 1, 1, 1, 0
0.0296460, 0, 1, 1, 1, 1, 0, 0
0.0296613, 0, 1, 1, 1, 0, 0, 0
0.0296614, 0, 1, 1, 1, 0, 1, 0
0.0296766, 0, 1, 1, 1, 0, 0, 0
0.0296918, 0, 1, 1, 1, 0, 1, 0
0.0296919, 0, 1, 1, 1, 1, 1, 0
0.0297071, 0, 1, 1, 1, 1, 0, 0
0.0297223, 0, 1, 1, 1, 0, 0, 0
0.0297224, 0, 1, 1, 1, 0, 1, 0
0.0297376, 0, 1, 1, 1, 0, 0, 0
0.0297529, 0, 1, 1, 1, 1, 1, 0
0.0297681, 0, 1, 1, 1, 1, 0, 0
0.0297834, 0, 1, 1, 1, 0, 1, 0
0.0297986, 0, 1, 1, 1, 0, 0, 0
0.0298139, 0, 1, 1, 1, 0, 1, 0
0.0298140, 0, 1, 1, 1, 1, 1, 0
0.0298292, 0, 1, 1, 1, 1, 0, 0
0.0298444, 0, 1, 1, 1, 0, 0, 0
0.0298445, 0, 1, 1, 1, 0, 1, 0
0.0298597, 0, 1, 1, 1, 0, 0, 0
0.0298749, 0, 1, 1, 1, 0, 1, 0
0.0298750, 0, 1, 1, 1, 1, 1, 0
0.0298902, 0, 1, 1, 1, 1, 0, 0
0.0299055, 0, 1, 1, 1, 0, 1, 0
0.0299207, 0, 1, 1, 1, 0, 0, 0
0.0299360, 0, 1, 1, 1, 1, 1, 0
0.0299512, 0, 1, 1, 1, 1, 0, 0
0.0299665, 0, 1, 1, 1, 0, 0, 0
0.0299666, 0, 1, 1, 1, 0, 1, 0
0.0299818, 0, 1, 1, 1, 0, 0, 0
0.0299970, 0, 1, 1, 1, 0, 1, 0
0.0299971, 0, 1, 1, 1, 1, 1, 0
0.0300123, 0, 1, 1, 1, 1, 0, 0
0.0300275, 0, 1, 1, 1, 0, 0, 0
0.0300276, 0, 1, 1, 1, 0, 1, 0
0.0300428, 0, 1, 1, 1, 0, 0, 0
0.0300581, 0, 1, 1, 1, 1, 1, 0
0.0300733, 0, 1, 1, 1, 1, 0, 0
0.0300886, 0, 1, 1, 1, 0, 1, 0
0.0301038, 0, 1, 1, 1, 0, 0, 0
0.0301115, 0, 1, 1, 1, 0, 0, 1
0.0301191, 0, 1, 1, 1, 1, 1, 1
0.0301344, 0, 1, 1, 1, 1, 0, 1
0.0301496, 0, 1, 1, 1, 0, 0, 1
0.0301497, 0, 1, 1, 1, 0, 1, 1
0.0301649, 0, 1, 1, 1, 0, 0, 1
0.0301801, 0, 1, 1, 1, 0, 1, 1
0.0301802, 0, 1, 1, 1, 1, 1, 1
0.0301954, 0, 1, 1, 1, 1, 0, 1
0.0302106, 0, 1, 1, 1, 0, 0, 1
0.0302107, 0, 1, 1, 1, 0, 1, 1
0.0302259, 0, 1, 1, 1, 0, 0, 1
0.0302412, 0, 1, 1, 1, 1, 1, 1
0.0302564, 0, 1, 1, 1, 1, 0, 1
0.0302717, 0, 1, 1, 1, 0, 0, 1
0.0302718, 0, 1, 1, 1, 0, 1, 1
0.0302870, 0, 1, 1, 1, 0, 0, 1
0.0303022, 0, 1, 1, 1, 0, 1, 1
0.0303023, 0, 1, 1, 1, 1, 1, 1
0.0303175, 0, 1, 1, 1, 1, 0, 1
0.0303251, 0, 1, 1, 1, 1, 0, 0
0.0303327, 0, 1, 1, 1, 0, 0, 0
0.0303328, 0, 1, 1, 1, 0, 1, 0
0.0303480, 0, 1, 1, 1, 0, 0, 0
0.0303557, 0, 1, 1, 1, 0, 0, 1
0.0303633, 0, 1, 1, 1, 1, 1, 1
0.0303785, 0, 1, 1, 1, 1, 0, 1
0.0303938, 0, 1, 1, 1, 0, 1, 1
0.0304090, 0, 1, 1, 1, 0, 0, 1
0.0304243, 0, 1, 1, 1, 1, 1, 1
0.0304396, 0, 1, 1, 1, 1, 0, 1
0.0304548, 0, 1, 1, 1, 0, 0, 1
0.0304549, 0, 1, 1, 1, 0, 1, 1
0.0304701, 0, 1, 1, 1, 0, 0, 1
0.0304853, 0, 1, 1, 1, 0, 1, 1
0.0304854, 0, 1, 1, 1, 1, 1, 1
0.0305006, 0, 1, 1, 1, 1, 0, 1
0.0305158, 0, 1, 1, 1, 0, 0, 1
0.0305159, 0, 1, 1, 1, 0, 1, 1
0.0305311, 0, 1, 1, 1, 0, 0, 1
0.0305464, 0, 1, 1, 1, 1, 1, 1
0.0305616, 0, 1, 1, 1, 1, 0, 1
0.0305769, 0, 1, 1, 1, 0, 0, 1
0.0305770, 0, 1, 1, 1, 0, 1, 1
0.0305922, 0, 1, 1, 1, 0, 0, 1
0.0306074, 0, 1, 1, 1, 0, 1, 1
0.0306075, 0, 1, 1, 1, 1, 1, 1
0.0306227, 0, 1, 1, 1, 1, 0, 1
0.0306303, 0, 1, 1, 1, 1, 0, 0
0.0306379, 0, 1, 1, 1, 0, 0, 0
0.0306380, 0, 1, 1, 1, 0, 1, 0
0.0306532, 0, 1, 1, 1, 0, 0, 0
0.0306609, 0, 1, 1, 1, 0, 0, 1
0.0306685, 0, 1, 1, 1, 1, 1, 1
0.0306837, 0, 1, 1, 1, 1, 0, 1
0.0306990, 0, 1, 1, 1, 0, 1, 1
0.0307142, 0, 1, 1, 1, 0, 0, 1
0.0307295, 0, 1, 1, 1, 1, 1, 1
0.0307448, 0, 1, 1, 1, 1, 0, 1
0.0307600, 0, 1, 1, 1, 0, 0, 1
0.0307601, 0, 1, 1, 1, 0, 1, 1
0.0307753, 0, 1, 1, 1, 0, 0, 1
0.0307829, 0, 1, 1, 1, 0, 0, 0
0.0307905, 0, 1, 1, 1, 0, 1, 0
0.0307906, 0, 1, 1, 1, 1, 1, 0
0.0308058, 0, 1, 1, 1, 1, 0, 0
0.0308135, 0, 1, 1, 1, 1, 0, 1
0.0308210, 0, 1, 1, 1, 0, 0, 1
0.0308211, 0, 1, 1, 1, 0, 1, 1
0.0308363, 0, 1, 1, 1, 0, 0, 1
0.0308516, 0, 1, 1, 1, 1, 1, 1
0.0308668, 0, 1, 1, 1, 1, 0, 1
0.0308821, 0, 1, 1, 1, 0, 0, 1
0.0308822, 0, 1, 1, 1, 0, 1, 1
0.0308974, 0, 1, 1, 1, 0, 0, 1
0.0309126, 0, 1, 1, 1, 0, 1, 1
0.0309127, 0, 1, 1, 1, 1, 1, 1
0.0309279, 0, 1, 1, 1, 1, 0, 1
0.0309431, 0, 1, 1, 1, 0, 0, 1
0.0309432, 0, 1, 1, 1, 0, 1, 1
0.0309584, 0, 1, 1, 1, 0, 0, 1
0.0309737, 0, 1, 1, 1, 1, 1, 1
0.0309889, 0, 1, 1, 1, 1, 0, 1
0.0309965, 0, 1, 1, 1, 1, 0, 0
0.0310042, 0, 1, 1, 1, 0, 1, 0
0.0310194, 0, 1, 1, 1, 0, 0, 0
0.0310271, 0, 1, 1, 1, 0, 0, 1
0.0310347, 0, 1, 1, 1, 1, 1, 1
0.0310500, 0, 1, 1, 1, 1, 0, 1
0.0310652, 0, 1, 1, 1, 0, 0, 1
0.0310653, 0, 1, 1, 1, 0, 1, 1
0.0310805, 0, 1, 1, 1, 0, 0, 1
0.0310881, 0, 1, 1, 1, 0, 0, 0
0.0310957, 0, 1, 1, 1, 0, 1, 0
0.0310958, 0, 1, 1, 1, 1, 1, 0
0.0311110, 0, 1, 1, 1, 1, 0, 0
0.0311262, 0, 1, 1, 1, 0, 0, 0
0.0311263, 0, 1, 1, 1, 0, 1, 0
0.0311415, 0, 1, 1, 1, 0, 0, 0
0.0311568, 0, 1, 1, 1, 1, 1, 0
0.0311720, 0, 1, 1, 1, 1, 0, 0
0.0311873, 0, 1, 1, 1, 0, 1, 0
0.0312026, 0, 1, 1, 1, 0, 0, 0
0.0312178, 0, 1, 1, 1, 0, 1, 0
0.0312179, 0, 1, 1, 1, 1, 1, 0
0.0312331, 0, 1, 1, 1, 1, 0, 0
0.0312483, 0, 1, 1, 1, 0, 0, 0
0.0312484, 0, 1, 1, 1, 0, 1, 0
0.0312636, 0, 1, 1, 1, 0, 0, 0
0.0312789, 0, 1, 1, 1, 1, 1, 0
0.0312941, 0, 1, 1, 1, 1, 0, 0
0.0313094, 0, 1, 1, 1, 0, 1, 0
0.0313246, 0, 1, 1, 1, 0, 0, 0
0.0313399, 0, 1, 1, 1, 1, 1, 0
0.0313551, 0, 1, 1, 1, 1, 0, 0
0.0313704, 0, 1, 1, 1, 0, 0, 0
0.0313705, 0, 1, 1, 1, 0, 1, 0
0.0313857, 0, 1, 1, 1, 0, 0, 0
0.0314009, 0, 1, 1, 1, 0, 1, 0
0.0314010, 0, 1, 1, 1, 1, 1, 0
0.0314162, 0, 1, 1, 1, 1, 0, 0
0.0314314, 0, 1, 1, 1, 0, 0, 0
0.0314315, 0, 1, 1, 1, 0, 1, 0
0.0314467, 0, 1, 1, 1, 0, 0, 0
0.0314620, 0, 1, 1, 1, 1, 1, 0
0.0314772, 0, 1, 1, 1, 1, 0, 0
0.0314925, 0, 1, 1, 1, 0, 1, 0
0.0315077, 0, 1, 1, 1, 0, 0, 0
0.0315230, 0, 1, 1, 1, 0, 1, 0
0.0315231, 0, 1, 1, 1, 1, 1, 0
0.0315383, 0, 1, 1, 1, 1, 0, 0
0.0315535, 0, 1, 1, 1, 0, 0, 0
0.0315536, 0, 1, 1, 1, 0, 1, 0
0.0315688, 0, 1, 1, 1, 0, 0, 0
0.0315840, 0, 1, 1, 1, 0, 1, 0
0.0315841, 0, 1, 1, 1, 1, 1, 0
0.0315993, 0, 1, 1, 1, 1, 0, 0
0.0316146, 0, 1, 1, 1, 0, 1, 0
0.0316298, 0, 1, 1, 1, 0, 0, 0
0.0316451, 0, 1, 1, 1, 1, 1, 0
0.0316603, 0, 1, 1, 1, 1, 0, 0
0.0316756, 0, 1, 1, 1, 0, 0, 0
0.0316757, 0, 1, 1, 1, 0, 1, 0
0.0316909, 0, 1, 1, 1, 0, 0, 0
0.0317061, 0, 1, 1, 1, 0, 1, 0
0.0317062, 0, 1, 1, 1, 1, 1, 0
0.0317214, 0, 1, 1, 1, 1, 0, 0
0.0317366, 0, 1, 1, 1, 0, 0, 0
0.0317367, 0, 1, 1, 1, 0, 1, 0
0.0317519, 0, 1, 1, 1, 0, 0, 0
0.0317672, 0, 1, 1, 1, 1, 1, 0
0.0317824, 0, 1, 1, 1, 1, 0, 0
0.0317977, 0, 1, 1, 1, 0, 1, 0
0.0318129, 0, 1, 1, 1, 0, 0, 0
0.0318282, 0, 1, 1, 1, 0, 1, 0
0.0318283, 0, 1, 1, 1, 1, 1, 0
0.0318435, 0, 1, 1, 1, 1, 0, 0
0.0318587, 0, 1, 1, 1, 0, 0, 0
0.0318588, 0, 1, 1, 1, 0, 1, 0
0.0318740, 0, 1, 1, 1, 0, 0, 0
0.0318892, 0, 1, 1, 1, 0, 1, 0
0.0318893, 0, 1, 1, 1, 1, 1, 0
0.0319045, 0, 1, 1, 1, 1, 0, 0
0.0319198, 0, 1, 1, 1, 0, 1, 0
0.0319350, 0, 1, 1, 1, 0, 0, 0
0.0319503, 0, 1, 1, 1, 1, 1, 0
0.0319655, 0, 1, 1, 1, 1, 0, 0
0.0319808, 0, 1, 1, 1, 0, 0, 0
0.0319809, 0, 1, 1, 1, 0, 1, 0
0.0319961, 0, 1, 1, 1, 0, 0, 0
0.0320113, 0, 1, 1, 1, 0, 1, 0
0.0320114, 0, 1, 1, 1, 1, 1, 0
0.0320266, 0, 1, 1, 1, 1, 0, 0
0.0320418, 0, 1, 1, 1, 0, 0, 0
0.0320419, 0, 1, 1, 1, 0, 1, 0
0.0320571, 0, 1, 1, 1, 0, 0, 0
0.0320724, 0, 1, 1, 1, 1, 1, 0
0.0320876, 0, 1, 1, 1, 1, 0, 0
0.0321029, 0, 1, 1, 1, 0, 1, 0
0.0321181, 0, 1, 1, 1, 0, 0, 0
0.0321334, 0, 1, 1, 1, 0, 1, 0
0.0321335, 0, 1, 1, 1, 1, 1, 0
0.0321487, 0, 1, 1, 1, 1, 0, 0
0.0321639, 0, 1, 1, 1, 0, 0, 0
0.0321640, 0, 1, 1, 1, 0, 1, 0
0.0321792, 0, 1, 1, 1, 0, 0, 0
0.0321944, 0, 1, 1, 1, 0, 1, 0
0.0321945, 0, 1, 1, 1, 1, 1, 0
0.0322097, 0, 1, 1, 1, 1, 0, 0
0.0322249, 0, 1, 1, 1, 0, 0, 0
0.0322250, 0, 1, 1, 1, 0, 1, 0
0.0322402, 0, 1, 1, 1, 0, 0, 0
0.0322555, 0, 1, 1, 1, 1, 1, 0
0.0322707, 0, 1, 1, 1, 1, 0, 0
0.0322860, 0, 1, 1, 1, 0, 0, 0
0.0322861, 0, 1, 1, 1, 0, 1, 0
0.0323013, 0, 1, 1, 1, 0, 0, 0
0.0323165, 0, 1, 1, 1, 0, 1, 0
0.0323166, 0, 1, 1, 1, 1, 1, 0
0.0323318, 0, 1, 1, 1, 1, 0, 0
0.0323470, 0, 1, 1, 1, 0, 0, 0
0.0323471, 0, 1, 1, 1, 0, 1, 0
0.0323623, 0, 1, 1, 1, 0, 0, 0
0.0323776, 0, 1, 1, 1, 1, 1, 0
0.0323928, 0, 1, 1, 1, 1, 0, 0
0.0324081, 0, 1, 1, 1, 0, 1, 0
0.0324233, 0, 1, 1, 1, 0, 0, 0
0.0324386, 0, 1, 1, 1, 1, 1, 0
0.0324539, 0, 1, 1, 1, 1, 0, 0
0.0324691, 0, 1, 1, 1, 0, 0, 0
0.0324692, 0, 1, 1, 1, 0, 1, 0
0.0324844, 0, 1, 1, 1, 0, 0, 0
0.0324996, 0, 1, 1, 1, 0, 1, 0
0.0324997, 0, 1, 1, 1, 1, 1, 0
0.0325149, 0, 1, 1, 1, 1, 0, 0
0.0325301, 0, 1, 1, 1, 0, 0, 0
0.0325302, 0, 1, 1, 1, 0, 1, 0
0.0325454, 0, 1, 1, 1, 0, 0, 0
0.0325607, 0, 1, 1, 1, 1, 1, 0
0.0325759, 0, 1, 1, 1, 1, 0, 0
0.0325912, 0, 1, 1, 1, 0, 0, 0
0.0325913, 0, 1, 1, 1, 0, 1, 0
0.0326065, 0, 1, 1, 1, 0, 0, 0
0.0326217, 0, 1, 1, 1, 0, 1, 0
0.0326218, 0, 1, 1, 1, 1, 1, 0
0.0326370, 0, 1, 1, 1, 1, 0, 0
0.0326522, 0, 1, 1, 1, 0, 0, 0
0.0326523, 0, 1, 1, 1, 0, 1, 0
0.0326675, 0, 1, 1, 1, 0, 0, 0
0.0326828, 0, 1, 1, 1, 1, 1, 0
0.0326980, 0, 1, 1, 1, 1, 0, 0
0.0327133, 0, 1, 1, 1, 0, 1, 0
0.0327285, 0, 1, 1, 1, 0, 0, 0
0.0327438, 0, 1, 1, 1, 1, 1, 0
0.0327591, 0, 1, 1, 1, 1, 0, 0
0.0327743, 0, 1, 1, 1, 0, 0, 0
0.0327744, 0, 1, 1, 1, 0, 1, 0
0.0327896, 0, 1, 1, 1, 0, 0, 0
0.0328048, 0, 1, 1, 1, 0, 1, 0
0.0328049, 0, 1, 1, 1, 1, 1, 0
0.0328201, 0, 1, 1, 1, 1, 0, 0
0.0328353, 0, 1, 1, 1, 0, 0, 0
0.0328354, 0, 1, 1, 1, 0, 1, 0
0.0328506, 0, 1, 1, 1, 0, 0, 0
0.0328659, 0, 1, 1, 1, 1, 1, 0
0.0328811, 0, 1, 1, 1, 1, 0, 0
0.0328964, 0, 1, 1, 1, 0, 0, 0
0.0328965, 0, 1, 1, 1, 0, 1, 0
0.0329117, 0, 1, 1, 1, 0, 0, 0
0.0329269, 0, 1, 1, 1, 0, 1, 0
0.0329270, 0, 1, 1, 1, 1, 1, 0
0.0329422, 0, 1, 1, 1, 1, 0, 0
0.0329574, 0, 1, 1, 1, 0, 0, 0
0.0329575, 0, 1, 1, 1, 0, 1, 0
0.0329727, 0, 1, 1, 1, 0, 0, 0
0.0329880, 0, 1, 1, 1, 1, 1, 0
0.0330032, 0, 1, 1, 1, 1, 0, 0
0.0330185, 0, 1, 1, 1, 0, 1, 0
0.0330337, 0, 1, 1, 1, 0, 0, 0
0.0330490, 0, 1, 1, 1, 1, 1, 0
0.0330643, 0, 1, 1, 1, 1, 0, 0
0.0330795, 0, 1, 1, 1, 0, 0, 0
0.0330796, 0, 1, 1, 1, 0, 1, 0
0.0330948, 0, 1, 1, 1, 0, 0, 0
0.0331100, 0, 1, 1, 1, 0, 1, 0
0.0331101, 0, 1, 1, 1, 1, 1, 0
0.0331253, 0, 1, 1, 1, 1, 0, 0
0.0331405, 0, 1, 1, 1, 0, 0, 0
0.0331406, 0, 1, 1, 1, 0, 1, 0
0.0331558, 0, 1, 1, 1, 0, 0, 0
0.0331711, 0, 1, 1, 1, 1, 1, 0
0.0331863, 0, 1, 1, 1, 1, 0, 0
0.0332016, 0, 1, 1, 1, 0, 0, 0
0.0332017, 0, 1, 1, 1, 0, 1, 0
0.0332169, 0, 1, 1, 1, 0, 0, 0
0.0332321, 0, 1, 1, 1, 0, 1, 0
0.0332322, 0, 1, 1, 1, 1, 1, 0
0.0332474, 0, 1, 1, 1, 1, 0, 0
0.0332626, 0, 1, 1, 1, 0, 0, 0
0.0332627, 0, 1, 1, 1, 0, 1, 0
0.0332779, 0, 1, 1, 1, 0, 0, 0
0.0332932, 0, 1, 1, 1, 1, 1, 0
0.0333084, 0, 1, 1, 1, 1, 0, 0
0.0333237, 0, 1, 1, 1, 0, 1, 0
0.0333389, 0, 1, 1, 1, 0, 0, 0
0.0333542, 0, 1, 1, 1, 1, 1, 0
0.0333694, 0, 1, 1, 1, 1, 0, 0
0.0333847, 0, 1, 1, 1, 0, 0, 0
0.0333848, 0, 1, 1, 1, 0, 1, 0
0.0334000, 0, 1, 1, 1, 0, 0, 0
0.0334152, 0, 1, 1, 1, 0, 1, 0
0.0334153, 0, 1, 1, 1, 1, 1, 0
0.0334305, 0, 1, 1, 1, 1, 0, 0
0.0334457, 0, 1, 1, 1, 0, 0, 0
0.0334458, 0, 1, 1, 1, 0, 1, 0
0.0334610, 0, 1, 1, 1, 0, 0, 0
0.0334763, 0, 1, 1, 1, 1, 1, 0
0.0334915, 0, 1, 1, 1, 1, 0, 0
0.0335068, 0, 1, 1, 1, 0, 1, 0
0.0335220, 0, 1, 1, 1, 0, 0, 0
0.0335373, 0, 1, 1, 1, 0, 1, 0
0.0335374, 0, 1, 1, 1, 1, 1, 0
0.0335526, 0, 1, 1, 1, 1, 0, 0
0.0335678, 0, 1, 1, 1, 0, 0, 0
0.0335679, 0, 1, 1, 1, 0, 1, 0
0.0335831, 0, 1, 1, 1, 0, 0, 0
0.0335983, 0, 1, 1, 1, 0, 1, 0
0.0335984, 0, 1, 1, 1, 1, 1, 0
0.0336136, 0, 1, 1, 1, 1, 0, 0
0.0336289, 0, 1, 1, 1, 0, 1, 0
0.0336441, 0, 1, 1, 1, 0, 0, 0
0.0336594, 0, 1, 1, 1, 1, 1, 0
0.0336746, 0, 1, 1, 1, 1, 0, 0
0.0336899, 0, 1, 1, 1, 0, 0, 0
0.0336900, 0, 1, 1, 1, 0, 1, 0
0.0337052, 0, 1, 1, 1, 0, 0, 0
0.0337204, 0, 1, 1, 1, 0, 1, 0
0.0337205, 0, 1, 1, 1, 1, 1, 0
0.0337357, 0, 1, 1, 1, 1, 0, 0
0.0337509, 0, 1, 1, 1, 0, 0, 0
0.0337510, 0, 1, 1, 1, 0, 1, 0
0.0337662, 0, 1, 1, 1, 0, 0, 0
0.0337815, 0, 1, 1, 1, 1, 1, 0
0.0337967, 0, 1, 1, 1, 1, 0, 0
0.0338120, 0, 1, 1, 1, 0, 1, 0
0.0338272, 0, 1, 1, 1, 0, 0, 0
0.0338425, 0, 1, 1, 1, 0, 1, 0
0.0338426, 0, 1, 1, 1, 1, 1, 0
0.0338578, 0, 1, 1, 1, 1, 0, 0
0.0338730, 0, 1, 1, 1, 0, 0, 0
0.0338731, 0, 1, 1, 1, 0, 1, 0
0.0338883, 0, 1, 1, 1, 0, 0, 0
0.0339035, 0, 1, 1, 1, 0, 1, 0
0.0339036, 0, 1, 1, 1, 1, 1, 0
0.0339188, 0, 1, 1, 1, 1, 0, 0
0.0339341, 0, 1, 1, 1, 0, 1, 0
0.0339493, 0, 1, 1, 1, 0, 0, 0
0.0339646, 0, 1, 1, 1, 1, 1, 0
0.0339798, 0, 1, 1, 1, 1, 0, 0
0.0339951, 0, 1, 1, 1, 0, 0, 0
0.0339952, 0, 1, 1, 1, 0, 1, 0
0.0340104, 0, 1, 1, 1, 0, 0, 0
0.0340256, 0, 1, 1, 1, 0, 1, 0
0.0340257, 0, 1, 1, 1, 1, 1, 0
0.0340409, 0, 1, 1, 1, 1, 0, 0
0.0340561, 0, 1, 1, 1, 0, 0, 0
0.0340562, 0, 1, 1, 1, 0, 1, 0
0.0340714, 0, 1, 1, 1, 0, 0, 0
0.0340867, 0, 1, 1, 1, 1, 1, 0
0.0341019, 0, 1, 1, 1, 1, 0, 0
0.0341172, 0, 1, 1, 1, 0, 1, 0
0.0341324, 0, 1, 1, 1, 0, 0, 0
0.0341477, 0, 1, 1, 1, 0, 1, 0
0.0341478, 0, 1, 1, 1, 1, 1, 0
0.0341630, 0, 1, 1, 1, 1, 0, 0
0.0341782, 0, 1, 1, 1, 0, 0, 0
0.0341783, 0, 1, 1, 1, 0, 1, 0
0.0341935, 0, 1, 1, 1, 0, 0, 0
0.0342087, 0, 1, 1, 1, 0, 1, 0
0.0342088, 0, 1, 1, 1, 1, 1, 0
0.0342240, 0, 1, 1, 1, 1, 0, 0
0.0342393, 0, 1, 1, 1, 0, 1, 0
0.0342545, 0, 1, 1, 1, 0, 0, 0
0.0342698, 0, 1, 1, 1, 1, 1, 0
0.0342850, 0, 1, 1, 1, 1, 0, 0
0.0343003, 0, 1, 1, 1, 0, 0, 0
0.0343004, 0, 1, 1, 1, 0, 1, 0
0.0343156, 0, 1, 1, 1, 0, 0, 0
0.0343308, 0, 1, 1, 1, 0, 1, 0
0.0343309, 0, 1, 1, 1, 1, 1, 0
0.0343461, 0, 1, 1, 1, 1, 0, 0
0.0343613, 0, 1, 1, 1, 0, 0, 0
0.0343614, 0, 1, 1, 1, 0, 1, 0
0.0343766, 0, 1, 1, 1, 0, 0, 0
0.0343919, 0, 1, 1, 1, 1, 1, 0
0.0344071, 0, 1, 1, 1, 1, 0, 0
0.0344224, 0, 1, 1, 1, 0, 1, 0
0.0344376, 0, 1, 1, 1, 0, 0, 0
0.0344529, 0, 1, 1, 1, 1, 1, 0
0.0344682, 0, 1, 1, 1, 1, 0, 0
0.0344834, 0, 1, 1, 1, 0, 0, 0
0.0344835, 0, 1, 1, 1, 0, 1, 0
0.0344987, 0, 1, 1, 1, 0, 0, 0
0.0345139, 0, 1, 1, 1, 0, 1, 0
0.0345140, 0, 1, 1, 1, 1, 1, 0
0.0345292, 0, 1, 1, 1, 1, 0, 0
0.0345444, 0, 1, 1, 1, 0, 0, 0
0.0345445, 0, 1, 1, 1, 0, 1, 0
0.0345597, 0, 1, 1, 1, 0, 0, 0
0.0345750, 0, 1, 1, 1, 1, 1, 0
0.0345902, 0, 1, 1, 1, 1, 0, 0
0.0346055, 0, 1, 1, 1, 0, 0, 0
0.0346056, 0, 1, 1, 1, 0, 1, 0
0.0346208, 0, 1, 1, 1, 0, 0, 0
0.0346360, 0, 1, 1, 1, 0, 1, 0
0.0346361, 0, 1, 1, 1, 1, 1, 0
0.0346513, 0, 1, 1, 1, 1, 0, 0
0.0346665, 0, 1, 1, 1, 0, 0, 0
0.0346666, 0, 1, 1, 1, 0, 1, 0
0.0346818, 0, 1, 1, 1, 0, 0, 0
0.0346971, 0, 1, 1, 1, 1, 1, 0
0.0347123, 0, 1, 1, 1, 1, 0, 0
0.0347276, 0, 1, 1, 1, 0, 1, 0
0.0347428, 0, 1, 1, 1, 0, 0, 0
0.0347581, 0, 1, 1, 1, 1, 1, 0
0.0347734, 0, 1, 1, 1, 1, 0, 0
0.0347886, 0, 1, 1, 1, 0, 0, 0
0.0347887, 0, 1, 1, 1, 0, 1, 0
0.0348039, 0, 1, 1, 1, 0, 0, 0
0.0348191, 0, 1, 1, 1, 0, 1, 0
0.0348192, 0, 1, 1, 1, 1, 1, 0
0.0348344, 0, 1, 1, 1, 1, 0, 0
0.0348496, 0, 1, 1, 1, 0, 0, 0
0.0348497, 0, 1, 1, 1, 0, 1, 0
0.0348649, 0, 1, 1, 1, 0, 0, 0
0.0348802, 0, 1, 1, 1, 1, 1, 0
0.0348954, 0, 1, 1, 1, 1, 0, 0
0.0349107, 0, 1, 1, 1, 0, 0, 0
0.0349108, 0, 1, 1, 1, 0, 1, 0
0.0349260, 0, 1, 1, 1, 0, 0, 0
0.0349412, 0, 1, 1, 1, 0, 1, 0
0.0349413, 0, 1, 1, 1, 1, 1, 0
0.0349565, 0, 1, 1, 1, 1, 0, 0
0.0349717, 0, 1, 1, 1, 0, 0, 0
0.0349718, 0, 1, 1, 1, 0, 1, 0
0.0349794, 0, 1, 1, 1, 0, 1, 1
0.0349870, 0, 1, 1, 1, 0, 0, 1
0.0350023, 0, 1, 1, 1, 1, 1, 1
0.0350328, 0, 1, 1, 1, 0, 1, 1
0.0350634, 0, 1, 1, 1, 1, 1, 1
0.0350938, 0, 1, 1, 1, 0, 1, 1
0.0351244, 0, 1, 1, 1, 1, 1, 1
0.0351548, 0, 1, 1, 1, 0, 1, 1
0.0351855, 0, 1, 1, 1, 1, 1, 1
0.0352159, 0, 1, 1, 1, 0, 1, 1
0.0352465, 0, 1, 1, 1, 1, 1, 1
0.0352769, 0, 1, 1, 1, 0, 1, 1
0.0353075, 0, 1, 1, 1, 1, 1, 1
0.0353380, 0, 1, 1, 1, 0, 1, 1
0.0353686, 0, 1, 1, 1, 1, 1, 1
0.0353990, 0, 1, 1, 1, 0, 1, 1
0.0354296, 0, 1, 1, 1, 1, 1, 1
0.0354600, 0, 1, 1, 1, 0, 1, 1
0.0354907, 0, 1, 1, 1, 1, 1, 1
0.0355211, 0, 1, 1, 1, 0, 1, 1
0.0355517, 0, 1, 1, 1, 1, 1, 1
0.0355821, 0, 1, 1, 1, 0, 1, 1
0.0356127, 0, 1, 1, 1, 1, 1, 1
0.0356432, 0, 1, 1, 1, 0, 1, 1
0.0356738, 0, 1, 1, 1, 1, 1, 1
0.0357042, 0, 1, 1, 1, 0, 1, 1
0.0357348, 0, 1, 1, 1, 1, 1, 1
0.0357652, 0, 1, 1, 1, 0, 1, 1
0.0357959, 0, 1, 1, 1, 1, 1, 1
0.0358263, 0, 1, 1, 1, 0, 1, 1
0.0358569, 0, 1, 1, 1, 1, 1, 1
0.0358873, 0, 1, 1, 1, 0, 1, 1
0.0359179, 0, 1, 1, 1, 1, 1, 1
0.0359484, 0, 1, 1, 1, 0, 1, 1
0.0359790, 0, 1, 1, 1, 1, 1, 1
0.0360094, 0, 1, 1, 1, 0, 1, 1
0.0360400, 0, 1, 1, 1, 1, 1, 1
0.0360704, 0, 1, 1, 1, 0, 1, 1
0.0361010, 0, 1, 1, 1, 1, 1, 1
0.0361315, 0, 1, 1, 1, 0, 1, 1
0.0361621, 0, 1, 1, 1, 1, 1, 1
0.0361925, 0, 1, 1, 1, 0, 1, 1
0.0362231, 0, 1, 1, 1, 1, 1, 1
0.0362535, 0, 1, 1, 1, 0, 1, 1
0.0362842, 0, 1, 1, 1, 1, 1, 1
0.0363146, 0, 1, 1, 1, 0, 1, 1
0.0363452, 0, 1, 1, 1, 1, 1, 1
0.0363756, 0, 1, 1, 1, 0, 1, 1
0.0364062, 0, 1, 1, 1, 1, 1, 1
0.0364367, 0, 1, 1, 1, 0, 1, 1
0.0364673, 0, 1, 1, 1, 1, 1, 1
0.0364977, 0, 1, 1, 1, 0, 1, 1
0.0365283, 0, 1, 1, 1, 1, 1, 1
0.0365587, 0, 1, 1, 1, 0, 1, 1
0.0365894, 0, 1, 1, 1, 1, 1, 1
0.0366198, 0, 1, 1, 1, 0, 1, 1
0.0366504, 0, 1, 1, 1, 1, 1, 1
0.0366808, 0, 1, 1, 1, 0, 1, 1
0.0367114, 0, 1, 1, 1, 1, 1, 1
0.0367419, 0, 1, 1, 1, 0, 1, 1
0.0367725, 0, 1, 1, 1, 1, 1, 1
0.0368029, 0, 1, 1, 1, 0, 1, 1
0.0368335, 0, 1, 1, 1, 1, 1, 1
0.0368639, 0, 1, 1, 1, 0, 1, 1
0.0368946, 0, 1, 1, 1, 1, 1, 1
0.0369250, 0, 1, 1, 1, 0, 1, 1
0.0369556, 0, 1, 1, 1, 1, 1, 1
0.0369860, 0, 1, 1, 1, 0, 1, 1
0.0370166, 0, 1, 1, 1, 1, 1, 1
0.0370471, 0, 1, 1, 1, 0, 1, 1
0.0370777, 0, 1, 1, 1, 1, 1, 1
0.0371081, 0, 1, 1, 1, 0, 1, 1
0.0371387, 0, 1, 1, 1, 1, 1, 1
0.0371691, 0, 1, 1, 1, 0, 1, 1
0.0371998, 0, 1, 1, 1, 1, 1, 1
0.0372302, 0, 1, 1, 1, 0, 1, 1
0.0372608, 0, 1, 1, 1, 1, 1, 1
0.0372912, 0, 1, 1, 1, 0, 1, 1
0.0373218, 0, 1, 1, 1, 1, 1, 1
0.0373523, 0, 1, 1, 1, 0, 1, 1
0.0373829, 0, 1, 1, 1, 1, 1, 1
0.0374133, 0, 1, 1, 1, 0, 1, 1
0.0374439, 0, 1, 1, 1, 1, 1, 1
0.0374743, 0, 1, 1, 1, 0, 1, 1
0.0375050, 0, 1, 1, 1, 1, 1, 1
0.0375354, 0, 1, 1, 1, 0, 1, 1
0.0375660, 0, 1, 1, 1, 1, 1, 1
0.0375964, 0, 1, 1, 1, 0, 1, 1
0.0376270, 0, 1, 1, 1, 1, 1, 1
0.0376575, 0, 1, 1, 1, 0, 1, 1
0.0376881, 0, 1, 1, 1, 1, 1, 1
0.0377185, 0, 1, 1, 1, 0, 1, 1
0.0377491, 0, 1, 1, 1, 1, 1, 1
0.0377795, 0, 1, 1, 1, 0, 1, 1
0.0378102, 0, 1, 1, 1, 1, 1, 1
0.0378406, 0, 1, 1, 1, 0, 1, 1
0.0378712, 0, 1, 1, 1, 1, 1, 1
0.0379016, 0, 1, 1, 1, 0, 1, 1
0.0379322, 0, 1, 1, 1, 1, 1, 1
0.0379627, 0, 1, 1, 1, 0, 1, 1
0.0379933, 0, 1, 1, 1, 1, 1, 1
0.0380237, 0, 1, 1, 1, 0, 1, 1
0.0380543, 0, 1, 1, 1, 1, 1, 1
0.0380847, 0, 1, 1, 1, 0, 1, 1
0.0381154, 0, 1, 1, 1, 1, 1, 1
0.0381458, 0, 1, 1, 1, 0, 1, 1
0.0381764, 0, 1, 1, 1, 1, 1, 1
0.0382068, 0, 1, 1, 1, 0, 1, 1
0.0382374, 0, 1, 1, 1, 1, 1, 1
0.0382679, 0, 1, 1, 1, 0, 1, 1
0.0382985, 0, 1, 1, 1, 1, 1, 1
0.0383289, 0, 1, 1, 1, 0, 1, 1
0.0383595, 0, 1, 1, 1, 1, 1, 1
0.0383899, 0, 1, 1, 1, 0, 1, 1
0.0384205, 0, 1, 1, 1, 1, 1, 1
0.0384510, 0, 1, 1, 1, 0, 1, 1
0.0384816, 0, 1, 1, 1, 1, 1, 1
0.0385120, 0, 1, 1, 1, 0, 1, 1
0.0385426, 0, 1, 1, 1, 1, 1, 1
0.0385730, 0, 1, 1, 1, 0, 1, 1
0.0386037, 0, 1, 1, 1, 1, 1, 1
0.0386341, 0, 1, 1, 1, 0, 1, 1
0.0386647, 0, 1, 1, 1, 1, 1, 1
0.0386951, 0, 1, 1, 1, 0, 1, 1
0.0387257, 0, 1, 1, 1, 1, 1, 1
0.0387562, 0, 1, 1, 1, 0, 1, 1
0.0387868, 0, 1, 1, 1, 1, 1, 1
0.0388172, 0, 1, 1, 1, 0, 1, 1
0.0388478, 0, 1, 1, 1, 1, 1, 1
0.0388782, 0, 1, 1, 1, 0, 1, 1
0.0389089, 0, 1, 1, 1, 1, 1, 1
0.0389393, 0, 1, 1, 1, 0, 1, 1
0.0389699, 0, 1, 1, 1, 1, 1, 1
0.0390003, 0, 1, 1, 1, 0, 1, 1
0.0390309, 0, 1, 1, 1, 1, 1, 1
0.0390614, 0, 1, 1, 1, 0, 1, 1
0.0390920, 0, 1, 1, 1, 1, 1, 1
0.0391224, 0, 1, 1, 1, 0, 1, 1
0.0391530, 0, 1, 1, 1, 1, 1, 1
0.0391834, 0, 1, 1, 1, 0, 1, 1
0.0392141, 0, 1, 1, 1, 1, 1, 1
0.0392445, 0, 1, 1, 1, 0, 1, 1
0.0392751, 0, 1, 1, 1, 1, 1, 1
0.0393055, 0, 1, 1, 1, 0, 1, 1
0.0393361, 0, 1, 1, 1, 1, 1, 1
0.0393666, 0, 1, 1, 1, 0, 1, 1
0.0393972, 0, 1, 1, 1, 1, 1, 1
0.0394276, 0, 1, 1, 1, 0, 1, 1
0.0394582, 0, 1, 1, 1, 1, 1, 1
0.0394886, 0, 1, 1, 1, 0, 1, 1
0.0395193, 0, 1, 1, 1, 1, 1, 1
0.0395497, 0, 1, 1, 1, 0, 1, 1
0.0395803, 0, 1, 1, 1, 1, 1, 1
0.0396107, 0, 1, 1, 1, 0, 1, 1
0.0396413, 0, 1, 1, 1, 1, 1, 1
0.0396718, 0, 1, 1, 1, 0, 1, 1
0.0397024, 0, 1, 1, 1, 1, 1, 1
0.0397328, 0, 1, 1, 1, 0, 1, 1
0.0397634, 0, 1, 1, 1, 1, 1, 1
0.0397938, 0, 1, 1, 1, 0, 1, 1
0.0398245, 0, 1, 1, 1, 1, 1, 1
0.0398549, 0, 1, 1, 1, 0, 1, 1
0.0398855, 0, 1, 1, 1, 1, 1, 1
0.0399159, 0, 1, 1, 1, 0, 1, 1
0.0399465, 0, 1, 1, 1, 1, 1, 1
0.0399770, 0, 1, 1, 1, 0, 1, 1
0.0400076, 0, 1, 1, 1, 1, 1, 1
0.0400380, 0, 1, 1, 1, 0, 1, 1
0.0400686, 0, 1, 1, 1, 1, 1, 1
0.0400990, 0, 1, 1, 1, 0, 1, 1
0.0401297, 0, 1, 1, 1, 1, 1, 1
0.0401601, 0, 1, 1, 1, 0, 1, 1
0.0401907, 0, 1, 1, 1, 1, 1, 1
0.0402211, 0, 1, 1, 1, 0, 1, 1
0.0402517, 0, 1, 1, 1, 1, 1, 1
0.0402822, 0, 1, 1, 1, 0, 1, 1
0.0403128, 0, 1, 1, 1, 1, 1, 1
0.0403432, 0, 1, 1, 1, 0, 1, 1
0.0403738, 0, 1, 1, 1, 1, 1, 1
